Player;Nation;Pos;Squad;Age;Born;MP;Starts;Min;90s;Gls;Ast;G+A;G-PK;PK;PKatt;CrdY;CrdR;G+A-PK;Sh;SoT;SoT%;Sh/90;SoT/90;G/Sh;G/SoT;MarketValue
Jones El-Abdellaoui;maï¿½MAR;MF,FW;Celta Vigo;19;2006;22;4;681;7.6;2;0;2;2;0;0;0;0;0.26;2.24;0.53;23.5;2.25;0.53;0.12;0.50;8000000.0
Tay Abed;ilï¿½ISR;MF;Levante;21;2004;7;0;93;1.0;0;0;0;0;0;0;0;0;0.00;2.00;1.00;50.0;1.94;0.97;0.00;0.00;1000000.0
Abdel Abqar;maï¿½MAR;DF;Getafe;26;1999;23;17;1,437;16.0;0;2;2;0;0;0;10;1;0.13;0.44;0.06;14.3;0.44;0.06;0.00;0.00;3500000.0
Akor Adams;ngï¿½NGA;FW;Sevilla;25;2000;32;21;2,064;22.9;10;3;13;7;3;3;3;0;0.44;2.66;1.31;49.2;2.66;1.31;0.16;0.33;15000000.0
Adriï¿½n;esï¿½ESP;GK;Real Betis;38;1987;1;1;90;1.0;0;0;0;0;0;0;0;0;0.00;0.00;0.00;;0.00;0.00;;;
David Affengruber;atï¿½AUT;DF;Elche;24;2001;36;33;2,949;32.8;1;1;2;1;0;0;7;1;0.06;0.43;0.12;28.6;0.43;0.12;0.07;0.25;20000000.0
Julen Agirrezabala;esï¿½ESP;GK;Valencia;24;2000;18;18;1,62;18.0;0;0;0;0;0;0;1;0;0.00;0.00;0.00;;0.00;0.00;;;9000000.0
Lucien Agoume;frï¿½FRA;MF;Sevilla;23;2002;34;31;2,686;29.8;1;3;4;1;0;0;12;0;0.13;0.50;0.07;13.3;0.50;0.07;0.07;0.50;15000000.0
Diego Aguado;esï¿½ESP;DF;Real Madrid;18;2007;1;0;30;0.3;0;0;0;0;0;0;0;0;0.00;0.00;0.00;;0.00;0.00;;;
Marc Aguado;esï¿½ESP;MF;Elche;25;2000;35;30;2,5;27.8;1;2;3;1;0;0;3;0;0.11;0.11;0.07;66.7;0.11;0.07;0.33;0.50;3500000.0
Pablo Agudï¿½n;esï¿½ESP;MF;Oviedo;17;2007;7;0;90;1.0;0;0;0;0;0;0;0;0;0.00;2.00;0.00;0.0;2.00;0.00;0.00;;
Ibai Aguirre;esï¿½ESP;MF;Real Sociedad;18;2007;1;0;6;0.1;0;0;0;0;0;0;0;0;0.00;0.00;0.00;;0.00;0.00;;;
Lucas Ahijado;esï¿½ESP;DF;Oviedo;30;1995;20;11;1,098;12.2;0;1;1;0;0;0;3;0;0.08;0.82;0.16;20.0;0.82;0.16;0.00;0.00;600000.0
Joseph Aidoo;ghï¿½GHA;DF;Celta Vigo;29;1995;8;7;639;7.1;0;0;0;0;0;0;0;0;0.00;0.28;0.00;0.0;0.28;0.00;0.00;;1000000.0
Ilias Akhomach;maï¿½MAR;MF;Villarreal;21;2004;9;2;188;2.1;0;0;0;0;0;0;0;0;0.00;2.28;0.76;33.3;2.28;0.76;0.00;0.00;12000000.0
Ilias Akhomach;maï¿½MAR;MF,FW;Rayo Vallecano;21;2004;11;7;709;7.9;0;1;1;0;0;0;2;0;0.13;2.86;0.95;33.3;2.87;0.96;0.00;0.00;12000000.0
David Alaba;atï¿½AUT;DF;Real Madrid;33;1992;11;5;424;4.7;0;0;0;0;0;0;1;0;0.00;0.85;0.21;25.0;0.85;0.21;0.00;0.00;3000000.0
Alexandre Alemï¿½o;brï¿½BRA;FW;Rayo Vallecano;27;1998;26;11;1,136;12.6;4;0;4;4;0;0;3;0;0.32;2.06;0.95;46.2;2.06;0.95;0.15;0.33;
Carles Aleï¿½ï¿½;esï¿½ESP;MF;Alavï¿½s;27;1998;34;23;1,989;22.1;0;4;4;0;0;0;5;0;0.18;1.31;0.23;17.2;1.31;0.23;0.00;0.00;
Trent Alexander-Arnold;engï¿½ENG;DF;Real Madrid;26;1998;21;14;1,163;12.9;0;4;4;0;0;0;4;0;0.31;0.78;0.16;20.0;0.77;0.15;0.00;0.00;60000000.0
Alfon;esï¿½ESP;MF;Sevilla;26;1999;10;4;312;3.5;1;0;1;1;0;0;0;0;0.29;1.62;0.81;50.0;1.62;0.81;0.17;0.33;
Alfon;esï¿½ESP;MF;Villarreal;26;1999;10;3;333;3.7;1;0;1;1;0;0;0;0;0.27;3.14;2.00;63.6;3.17;2.02;0.09;0.14;
Thiago Almada;arï¿½ARG;MF,FW;Atlï¿½tico Madrid;24;2001;27;16;1,311;14.6;3;1;4;3;0;0;2;1;0.27;1.44;0.68;47.6;1.44;0.69;0.14;0.30;15000000.0
Andrï¿½ Almeida;ptï¿½POR;MF;Valencia;25;2000;22;11;1,017;11.3;0;2;2;0;0;0;0;0;0.18;0.80;0.27;33.3;0.80;0.27;0.00;0.00;200000.0
Andrï¿½ Almeida;ptï¿½POR;MF;Valencia;25;2000;22;11;1,017;11.3;0;2;2;0;0;0;0;0;0.18;0.80;0.27;33.3;0.80;0.27;0.00;0.00;6000000.0
Marcos Alonso;esï¿½ESP;DF;Celta Vigo;34;1990;32;31;2,768;30.8;1;0;1;0;1;1;5;0;0.00;0.78;0.10;12.5;0.78;0.10;0.04;0.33;1200000.0
Adriï¿½ Altimira;esï¿½ESP;DF,MF;Villarreal;24;2001;1;0;9;0.1;0;0;0;0;0;0;0;0;0.00;0.00;0.00;;0.00;0.00;;;2000000.0
Sergi Altimira;esï¿½ESP;MF;Real Betis;23;2001;24;13;1,186;13.2;1;2;3;1;0;0;3;0;0.23;0.53;0.23;42.9;0.53;0.23;0.14;0.33;20000000.0
Carlos ï¿½lvarez;esï¿½ESP;MF;Levante;21;2003;30;23;1,89;21.0;3;1;4;3;0;0;3;0;0.19;1.43;0.52;36.7;1.43;0.52;0.10;0.27;15000000.0
Hugo ï¿½lvarez;esï¿½ESP;FW,MF;Celta Vigo;22;2003;28;15;1,34;14.9;4;2;6;4;0;0;2;0;0.40;0.94;0.54;57.1;0.94;0.54;0.29;0.50;
Juliï¿½n ï¿½lvarez;arï¿½ARG;FW;Atlï¿½tico Madrid;25;2000;29;22;1,895;21.1;8;4;12;6;2;3;2;0;0.47;2.56;1.23;48.1;2.56;1.23;0.15;0.31;
Yeray ï¿½lvarez;esï¿½ESP;DF;Athletic Club;30;1995;7;6;513;5.7;0;0;0;0;0;0;0;0;0.00;0.18;0.00;0.0;0.18;0.00;0.00;;900000.0
Sofyan Amrabat;maï¿½MAR;MF;Real Betis;28;1996;17;14;1,295;14.4;0;0;0;0;0;0;4;0;0.00;0.56;0.07;12.5;0.56;0.07;0.00;0.00;10000000.0
Manuel ï¿½ngel;esï¿½ESP;MF;Real Madrid;21;2004;4;1;96;1.1;0;0;0;0;0;0;0;0;0.00;1.82;0.91;50.0;1.87;0.94;0.00;0.00;
Miguel ï¿½ngel Rubio;esï¿½ESP;DF;Espanyol;27;1998;12;1;206;2.3;1;0;1;1;0;0;0;0;0.44;0.87;0.43;50.0;0.87;0.44;0.50;1.00;
Miguel ï¿½ngel Sierra;esï¿½ESP;FW;Sevilla;21;2004;4;0;62;0.7;0;0;0;0;0;0;0;0;0.00;5.71;1.43;25.0;5.81;1.45;0.00;0.00;
Andrï¿½s Antaï¿½ï¿½n;esï¿½ESP;FW;Celta Vigo;18;2007;2;1;63;0.7;0;0;0;0;0;0;0;0;0.00;2.86;2.86;100.0;2.86;2.86;0.00;0.00;
Antoniu;esï¿½ESP;MF;Espanyol;22;2002;13;3;289;3.2;0;0;0;0;0;0;2;0;0.00;1.56;0.31;20.0;1.56;0.31;0.00;0.00;3000000.0
Antony;brï¿½BRA;MF,FW;Real Betis;25;2000;32;30;2,447;27.2;8;6;14;8;0;0;6;1;0.51;3.31;1.25;37.8;3.31;1.25;0.09;0.24;40000000.0
Antony;brï¿½BRA;MF,FW;Real Betis;25;2000;32;30;2,447;27.2;8;6;14;8;0;0;6;1;0.51;3.31;1.25;37.8;3.31;1.25;0.09;0.24;5000000.0
Mauro Arambarri;uyï¿½URU;MF;Getafe;29;1995;37;37;3,249;36.1;6;2;8;4;2;3;6;0;0.17;1.61;0.53;32.8;1.61;0.53;0.10;0.32;8000000.0
Jon Aramburu;veï¿½VEN;DF;Real Sociedad;23;2002;35;31;2,773;30.8;1;0;1;1;0;0;11;0;0.03;0.68;0.16;23.8;0.68;0.16;0.05;0.20;15000000.0
Juan Arango;veï¿½VEN;MF;Girona;19;2006;2;0;18;0.2;0;0;0;0;0;0;1;0;0.00;0.00;0.00;;0.00;0.00;;;75000.0
Juan Arango;veï¿½VEN;MF;Girona;19;2006;2;0;18;0.2;0;0;0;0;0;0;1;0;0.00;0.00;0.00;;0.00;0.00;;;50000.0
Ronald Araï¿½jo;uyï¿½URU;DF;Barcelona;26;1999;24;11;1,071;11.9;3;0;3;3;0;0;2;0;0.25;1.01;0.42;41.7;1.01;0.42;0.25;0.60;20000000.0
Jesï¿½s Areso;esï¿½ESP;DF;Athletic Club;26;1999;26;14;1,506;16.7;0;1;1;0;0;0;3;0;0.06;0.18;0.00;0.0;0.18;0.00;0.00;;
Iï¿½igo Arguibide;esï¿½ESP;DF;Osasuna;20;2005;6;2;187;2.1;0;0;0;0;0;0;0;1;0.00;0.00;0.00;;0.00;0.00;;;800000.0
Kervin Arriaga;hnï¿½HON;MF;Levante;27;1998;27;16;1,532;17.0;3;3;6;3;0;0;8;1;0.35;0.94;0.35;37.5;0.94;0.35;0.19;0.50;2000000.0
Takuma Asano;jpï¿½JPN;MF,FW;Mallorca;30;1994;20;8;664;7.4;1;0;1;1;0;0;2;0;0.14;2.30;0.27;11.8;2.30;0.27;0.06;0.50;1500000.0
Raï¿½l Asencio;esï¿½ESP;DF;Real Madrid;22;2003;23;18;1,708;19.0;2;0;2;2;0;0;4;0;0.11;0.74;0.21;28.6;0.74;0.21;0.14;0.50;
Iago Aspas;esï¿½ESP;FW,MF;Celta Vigo;37;1987;32;11;1,14;12.7;5;3;8;3;2;2;4;0;0.47;2.20;0.94;42.9;2.21;0.95;0.18;0.42;1600000.0
Yaser Asprilla;coï¿½COL;FW,MF;Girona;21;2003;15;6;611;6.8;0;0;0;0;0;0;0;0;0.00;2.21;0.74;33.3;2.21;0.74;0.00;0.00;14000000.0
Lander Astiazaran;esï¿½ESP;MF;Real Sociedad;19;2006;1;0;1;0.0;0;0;0;0;0;0;0;0;0.00;1;0;0.0;90.00;0.00;0.00;;
Ezequiel ï¿½vila;arï¿½ARG;FW;Real Betis;31;1994;16;3;380;4.2;1;0;1;0;1;1;3;0;0.00;1.90;0.48;25.0;1.89;0.47;0.13;0.50;
Cï¿½sar Azpilicueta;esï¿½ESP;DF;Sevilla;35;1989;17;17;1,213;13.5;0;1;1;0;0;0;4;0;0.07;0.07;0.00;0.0;0.07;0.00;0.00;;1000000.0
ï¿½lex Baena;esï¿½ESP;MF,FW;Atlï¿½tico Madrid;24;2001;27;21;1,56;17.3;2;3;5;2;0;0;5;0;0.29;1.68;0.40;24.1;1.67;0.40;0.07;0.29;
Eric Bailly;ciï¿½CIV;DF;Oviedo;31;1994;15;15;1,234;13.7;1;0;1;1;0;0;3;0;0.07;0.44;0.07;16.7;0.44;0.07;0.17;1.00;1200000.0
Cï¿½dric Bakambu;cdï¿½COD;FW;Real Betis;34;1991;18;5;569;6.3;3;1;4;3;0;0;1;0;0.63;3.33;1.43;42.9;3.32;1.42;0.14;0.33;1200000.0
Alejandro Balde;esï¿½ESP;DF;Barcelona;21;2003;28;21;1,869;20.8;0;2;2;0;0;0;2;0;0.10;0.48;0.05;10.0;0.48;0.05;0.00;0.00;50000000.0
Carlos Ballestero;esï¿½ESP;DF;Alavï¿½s;21;2004;1;0;1;0.0;0;0;0;0;0;0;0;0;0.00;0;0;;0.00;0.00;;;
Ivï¿½n Balliu;alï¿½ALB;DF;Rayo Vallecano;33;1992;14;6;582;6.5;0;0;0;0;0;0;2;0;0.00;0.62;0.00;0.0;0.62;0.00;0.00;;
Roony Bardghji;seï¿½SWE;MF,FW;Barcelona;19;2005;21;7;648;7.2;1;1;2;1;0;0;0;0;0.28;3.06;1.67;54.5;3.06;1.67;0.05;0.08;15000000.0
Kike Barja;esï¿½ESP;MF;Osasuna;28;1997;27;2;446;5.0;2;2;4;2;0;0;3;0;0.81;1.60;0.80;50.0;1.61;0.81;0.25;0.50;1500000.0
Ander Barrenetxea;esï¿½ESP;MF;Real Sociedad;23;2001;30;22;1,763;19.6;3;5;8;3;0;0;5;0;0.41;1.79;0.56;31.4;1.79;0.56;0.09;0.27;18000000.0
Pablo Barrios;esï¿½ESP;MF;Atlï¿½tico Madrid;22;2003;23;20;1,661;18.5;1;1;2;1;0;0;0;0;0.11;1.24;0.32;26.1;1.25;0.33;0.04;0.17;55000000.0
Marc Bartra;esï¿½ESP;DF;Real Betis;34;1991;25;21;1,978;22.0;1;0;1;1;0;0;3;0;0.05;0.73;0.23;31.3;0.73;0.23;0.06;0.20;900000.0
Augusto Batalla;arï¿½ARG;GK;Rayo Vallecano;29;1996;34;34;3,06;34.0;0;0;0;0;0;0;6;0;0.00;0.00;0.00;;0.00;0.00;;;6000000.0
Samu Becerra;esï¿½ESP;MF;Rayo Vallecano;19;2006;3;0;12;0.1;0;0;0;0;0;0;0;0;0.00;0.00;0.00;;0.00;0.00;;;300000.0
Sheraldo Becker;srï¿½SUR;FW,MF;Osasuna;30;1995;9;0;158;1.8;0;0;0;0;0;0;0;0;0.00;1.67;0.00;0.0;1.71;0.00;0.00;;1500000.0
Donny van de Beek;nlï¿½NED;MF;Girona;28;1997;2;1;41;0.5;0;0;0;0;0;0;0;0;0.00;4.00;2.00;50.0;4.39;2.20;0.00;0.00;1800000.0
Luken Beitia;esï¿½ESP;DF;Real Sociedad;21;2004;2;1;95;1.1;0;0;0;0;0;0;0;0;0.00;0.00;0.00;;0.00;0.00;;;300000.0
Ismael Bekhoucha;maï¿½MAR;DF;Getafe;20;2004;4;1;122;1.4;0;1;1;0;0;0;2;0;0.74;0.71;0.00;0.0;0.74;0.00;0.00;;300000.0
Rayane Belaid;esï¿½ESP;MF,FW;Atlï¿½tico Madrid;20;2005;2;2;132;1.5;0;0;0;0;0;0;0;0;0.00;2.67;0.00;0.0;2.73;0.00;0.00;;600000.0
Hï¿½ctor Bellerï¿½n;esï¿½ESP;DF;Real Betis;30;1995;27;20;1,822;20.2;2;3;5;2;0;0;2;0;0.25;0.35;0.25;71.4;0.35;0.25;0.29;0.40;
Jude Bellingham;engï¿½ENG;MF;Real Madrid;22;2003;28;22;1,916;21.3;6;4;10;6;0;0;3;0;0.47;2.39;1.22;51.0;2.40;1.22;0.12;0.23;130000000.0
Fran Beltrï¿½n;esï¿½ESP;MF;Celta Vigo;26;1999;10;7;528;5.9;0;0;0;0;0;0;0;0;0.00;0.89;0.27;30.0;0.89;0.27;0.10;0.33;
Fran Beltrï¿½n;esï¿½ESP;MF;Girona;26;1999;17;11;1,012;11.2;1;0;1;1;0;0;3;0;0.09;1.02;0.17;16.7;1.02;0.17;0.00;0.00;
Lucas Beltrï¿½n;arï¿½ARG;FW;Valencia;24;2001;27;16;1,365;15.2;1;2;3;1;0;0;1;0;0.20;2.24;0.59;26.5;2.24;0.59;0.03;0.11;8000000.0
Carlos Benavï¿½dez;uyï¿½URU;DF;Alavï¿½s;27;1998;13;3;324;3.6;0;0;0;0;0;0;2;1;0.00;0.83;0.56;66.7;0.83;0.56;0.00;0.00;
Iker Benito;esï¿½ESP;MF;Osasuna;22;2002;6;1;159;1.8;1;0;1;1;0;0;1;0;0.57;1.11;0.56;50.0;1.13;0.57;0.50;1.00;1400000.0
Yuri Berchiche;esï¿½ESP;DF;Athletic Club;35;1990;32;31;2,705;30.1;0;6;6;0;0;0;5;0;0.20;0.80;0.17;20.8;0.80;0.17;0.00;0.00;1000000.0
ï¿½lex Berenguer;esï¿½ESP;MF;Athletic Club;30;1995;31;25;2,154;23.9;2;3;5;2;0;0;4;0;0.21;1.84;0.84;45.5;1.84;0.84;0.05;0.10;4000000.0
Lucas Bergstrï¿½m;fiï¿½FIN;GK;Mallorca;22;2002;5;5;450;5.0;0;0;0;0;0;0;1;0;0.00;0.00;0.00;;0.00;0.00;;;1400000.0
Marc Bernal;esï¿½ESP;MF;Barcelona;18;2007;22;9;790;8.8;2;1;3;2;0;0;4;0;0.34;0.80;0.23;28.6;0.80;0.23;0.29;1.00;30000000.0
Pedro Bigas;esï¿½ESP;DF;Elche;34;1990;28;25;2,063;22.9;1;3;4;1;0;0;5;1;0.17;0.44;0.13;30.0;0.44;0.13;0.10;0.33;300000.0
Veljko Birman?evi?;rsï¿½SRB;FW;Getafe;27;1998;6;1;142;1.6;0;0;0;0;0;0;0;0;0.00;1.25;0.63;50.0;1.27;0.63;0.00;0.00;3500000.0
Antonio Blanco;esï¿½ESP;MF;Alavï¿½s;25;2000;36;36;3,11;34.6;2;3;5;2;0;0;9;0;0.14;1.16;0.38;32.5;1.16;0.38;0.05;0.15;10000000.0
Daley Blind;nlï¿½NED;DF;Girona;35;1990;31;30;2,606;29.0;0;0;0;0;0;0;1;0;0.00;0.17;0.03;20.0;0.17;0.03;0.00;0.00;1200000.0
Adam Boayar;maï¿½MAR;MF;Elche;19;2005;7;0;104;1.2;1;0;1;1;0;0;0;0;0.87;4.17;1.67;40.0;4.33;1.73;0.20;0.50;800000.0
Adama Boiro;esï¿½ESP;DF;Athletic Club;23;2002;14;8;815;9.1;0;0;0;0;0;0;1;0;0.00;0.22;0.00;0.0;0.22;0.00;0.00;;2500000.0
Rahim Bonkano;neï¿½NIG;DF;Oviedo;23;2002;27;18;1,713;19.0;0;0;0;0;0;0;2;0;0.00;0.61;0.30;50.0;0.60;0.30;0.50;1.00;
Javier Boï¿½ar;esï¿½ESP;DF;Atlï¿½tico Madrid;20;2005;4;3;299;3.3;1;0;1;1;0;0;0;0;0.30;0.16;0.00;0.0;0.16;0.00;0.00;;
Thiago Borbas;uyï¿½URU;FW;Oviedo;23;2002;12;0;179;2.0;0;0;0;0;0;0;1;0;0.00;2.50;1.00;40.0;2.51;1.01;0.00;0.00;3500000.0
Sebastiï¿½n Boselli;uyï¿½URU;DF;Getafe;21;2003;11;4;380;4.2;0;0;0;0;0;0;4;0;0.00;0.95;0.24;25.0;0.95;0.24;0.00;0.00;1500000.0
Lucas Boyï¿½;arï¿½ARG;FW;Alavï¿½s;29;1996;29;22;1,958;21.8;11;1;12;8;3;3;4;1;0.41;2.89;0.96;33.3;2.90;0.97;0.17;0.52;
Enzo Boyomo;cmï¿½CMR;DF;Osasuna;23;2001;30;29;2,542;28.2;1;2;3;1;0;0;7;0;0.11;0.39;0.14;36.4;0.39;0.14;0.09;0.25;15000000.0
Josip Brekalo;hrï¿½CRO;MF,FW;Oviedo;27;1998;14;6;486;5.4;0;0;0;0;0;0;1;0;0.00;1.67;0.56;33.3;1.67;0.56;0.00;0.00;2500000.0
Abel Bretones;esï¿½ESP;MF,DF;Osasuna;24;2000;28;17;1,624;18.0;1;2;3;1;0;0;5;1;0.17;0.61;0.17;27.3;0.61;0.17;0.09;0.33;3500000.0
Brugui;esï¿½ESP;MF,FW;Levante;28;1996;19;10;1,005;11.2;1;1;2;1;0;0;1;1;0.18;2.50;0.80;32.1;2.51;0.81;0.04;0.11;
Tajon Buchanan;caï¿½CAN;MF;Villarreal;26;1999;34;21;1,819;20.2;7;1;8;7;0;0;8;0;0.40;1.34;0.54;40.7;1.34;0.54;0.26;0.64;12000000.0
Ante Budimir;hrï¿½CRO;FW;Osasuna;34;1991;37;35;2,938;32.6;17;0;17;11;6;8;3;0;0.34;3.16;1.26;39.8;3.16;1.26;0.17;0.41;2800000.0
Manu Bueno;esï¿½ESP;MF;Sevilla;21;2004;8;2;272;3.0;0;0;0;0;0;0;2;0;0.00;0.67;0.00;0.0;0.66;0.00;0.00;;1500000.0
Pau Cabanes;esï¿½ESP;FW;Villarreal;20;2005;1;0;16;0.2;0;0;0;0;0;0;0;0;0.00;0.00;0.00;;0.00;0.00;;;800000.0
Jorge Cabello;esï¿½ESP;DF;Levante;21;2004;5;4;362;4.0;0;0;0;0;0;0;1;0;0.00;0.00;0.00;;0.00;0.00;;;
Leandro Cabrera;uyï¿½URU;DF;Espanyol;34;1991;37;37;3,33;37.0;3;0;3;3;0;0;4;0;0.08;1.08;0.32;30.0;1.08;0.32;0.08;0.25;900000.0
Miguel Calatayud;esï¿½ESP;DF;Mallorca;19;2006;2;0;43;0.5;0;0;0;0;0;0;0;0;0.00;2.00;0.00;0.0;2.09;0.00;0.00;;
Calebe;brï¿½BRA;MF;Alavï¿½s;25;2000;19;13;752;8.4;0;0;0;0;0;0;2;0;0.00;0.60;0.12;20.0;0.60;0.12;0.00;0.00;1800000.0
Fernando Calero;esï¿½ESP;DF;Espanyol;29;1995;28;24;2,148;23.9;0;0;0;0;0;0;5;0;0.00;0.50;0.04;8.3;0.50;0.04;0.00;0.00;2000000.0
Duje ?aleta-Car;hrï¿½CRO;DF;Real Sociedad;28;1996;27;24;2,15;23.9;1;0;1;1;0;0;6;1;0.04;0.54;0.13;23.1;0.54;0.13;0.08;0.33;2800000.0
Dani Calvo;esï¿½ESP;DF;Oviedo;31;1994;20;17;1,611;17.9;0;0;0;0;0;0;3;0;0.00;0.17;0.00;0.0;0.17;0.00;0.00;;900000.0
Dawda Camara;mrï¿½MTN;FW;Girona;22;2002;2;1;72;0.8;0;0;0;0;0;0;0;0;0.00;2.50;1.25;50.0;2.50;1.25;0.00;0.00;1000000.0
Eduardo Camavinga;frï¿½FRA;MF;Real Madrid;22;2002;29;16;1,528;17.0;1;0;1;1;0;0;2;0;0.06;0.76;0.12;15.4;0.77;0.12;0.08;0.50;50000000.0
Sergio Camello;esï¿½ESP;FW,MF;Rayo Vallecano;24;2001;22;8;823;9.1;5;1;6;5;0;0;3;1;0.66;2.97;1.54;51.9;2.95;1.53;0.19;0.36;3000000.0
Joï¿½o Cancelo;ptï¿½POR;DF;Barcelona;31;1994;16;11;954;10.6;2;2;4;2;0;0;1;0;0.38;1.23;0.38;30.8;1.23;0.38;0.15;0.50;
Dani Cï¿½rdenas;esï¿½ESP;GK;Rayo Vallecano;28;1997;4;4;360;4.0;0;0;0;0;0;0;0;0;0.00;0.00;0.00;;0.00;0.00;;;1800000.0
Sergi Cardona;esï¿½ESP;DF;Villarreal;26;1999;31;20;1,97;21.9;1;4;5;1;0;0;4;0;0.23;0.82;0.23;27.8;0.82;0.23;0.06;0.20;9000000.0
Fï¿½bio Cardoso;ptï¿½POR;DF;Sevilla;31;1994;4;4;295;3.3;0;0;0;0;0;0;0;0;0.00;0.00;0.00;;0.00;0.00;;;1500000.0
Johnny Cardoso;usï¿½USA;MF;Atlï¿½tico Madrid;23;2001;15;12;887;9.9;0;0;0;0;0;0;5;0;0.00;0.20;0.00;0.0;0.20;0.00;0.00;;20000000.0
David Carmo;aoï¿½ANG;DF;Oviedo;26;1999;22;20;1,786;19.8;1;0;1;1;0;0;8;1;0.05;0.51;0.15;30.0;0.50;0.15;0.10;0.33;5000000.0
Carmona;esï¿½ESP;DF,MF;Sevilla;23;2002;35;29;2,565;28.5;1;3;4;1;0;0;13;0;0.14;0.70;0.11;15.0;0.70;0.11;0.05;0.33;
Sergio Carreira;esï¿½ESP;MF;Celta Vigo;24;2000;34;29;2,694;29.9;2;1;3;2;0;0;2;0;0.10;0.54;0.23;43.8;0.53;0.23;0.13;0.29;12000000.0
Gorka Carrera;esï¿½ESP;FW;Real Sociedad;20;2005;3;0;62;0.7;0;0;0;0;0;0;1;0;0.00;1.43;1.43;100.0;1.45;1.45;0.00;0.00;
ï¿½lvaro Carreras;esï¿½ESP;DF;Real Madrid;22;2003;28;26;2,332;25.9;2;3;5;2;0;0;5;1;0.19;0.35;0.12;33.3;0.35;0.12;0.22;0.67;50000000.0
Dani Carvajal;esï¿½ESP;DF;Real Madrid;33;1992;17;10;977;10.9;0;1;1;0;0;0;0;0;0.09;0.46;0.09;20.0;0.46;0.09;0.00;0.00;4000000.0
Marc Casado;esï¿½ESP;MF;Barcelona;21;2003;24;10;989;11.0;0;1;1;0;0;0;1;0;0.09;1.00;0.00;0.0;1.00;0.00;0.00;;18000000.0
Lluc Castell;esï¿½ESP;FW;Espanyol;18;2006;1;0;19;0.2;0;0;0;0;0;0;0;0;0.00;0.00;0.00;;0.00;0.00;;;
Castrin;esï¿½ESP;DF;Sevilla;22;2003;19;13;1,277;14.2;1;0;1;1;0;0;4;0;0.07;0.77;0.21;27.3;0.78;0.21;0.09;0.33;
Jonny Castro;esï¿½ESP;DF;Alavï¿½s;31;1994;34;34;2,994;33.3;0;0;0;0;0;0;7;0;0.00;0.27;0.09;33.3;0.27;0.09;0.00;0.00;450000.0
Catena;esï¿½ESP;DF;Osasuna;30;1994;35;35;3,071;34.1;3;2;5;3;0;0;11;1;0.15;0.56;0.12;21.1;0.56;0.12;0.16;0.75;
Santi Cazorla;esï¿½ESP;MF;Oviedo;40;1984;28;6;940;10.4;0;1;1;0;0;0;2;1;0.10;0.67;0.10;14.3;0.67;0.10;0.00;0.00;200000.0
Dani Ceballos;esï¿½ESP;MF;Real Madrid;28;1996;16;4;486;5.4;0;0;0;0;0;0;1;0;0.00;0.56;0.00;0.0;0.56;0.00;0.00;;7000000.0
Lucas Cepeda;clï¿½CHI;MF;Elche;22;2002;10;4;402;4.5;1;0;1;1;0;0;1;0;0.22;2.89;1.11;38.5;2.91;1.12;0.08;0.20;2500000.0
Jorge Cestero;esï¿½ESP;MF;Real Madrid;19;2006;2;0;13;0.1;0;0;0;0;0;0;0;0;0.00;0.00;0.00;;0.00;0.00;;;7500000.0
Ilyas Chaira;maï¿½MAR;MF,FW;Oviedo;24;2001;36;30;2,447;27.2;6;2;8;6;0;0;2;1;0.29;2.98;1.29;43.2;2.98;1.29;0.07;0.17;4000000.0
Pep Chavarrï¿½a;esï¿½ESP;DF;Rayo Vallecano;27;1998;33;29;2,682;29.8;1;2;3;1;0;0;6;1;0.10;0.60;0.10;16.7;0.60;0.10;0.06;0.33;10000000.0
Andreas Christensen;dkï¿½DEN;DF;Barcelona;29;1996;13;3;409;4.5;0;0;0;0;0;0;2;0;0.00;0.89;0.44;50.0;0.88;0.44;0.00;0.00;8000000.0
Vï¿½ctor Chust;esï¿½ESP;DF;Elche;25;2000;31;22;2,166;24.1;1;0;1;1;0;0;8;1;0.04;0.37;0.12;33.3;0.37;0.12;0.11;0.33;
Pathï¿½ Ciss;snï¿½SEN;MF,DF;Rayo Vallecano;31;1994;29;20;1,999;22.2;2;1;3;2;0;0;9;2;0.14;0.90;0.36;40.0;0.90;0.36;0.10;0.25;
Santiago Colombatto;arï¿½ARG;MF;Oviedo;28;1997;32;23;2,064;22.9;0;1;1;0;0;0;6;0;0.04;0.66;0.09;13.3;0.65;0.09;0.00;0.00;2500000.0
Eray Cï¿½mert;chï¿½SUI;DF;Valencia;27;1998;17;15;1,337;14.9;2;1;3;2;0;0;3;1;0.20;0.74;0.20;27.3;0.74;0.20;0.18;0.67;
Santi Comesaï¿½a;esï¿½ESP;MF;Villarreal;28;1996;34;28;2,407;26.7;3;6;9;3;0;0;5;1;0.34;1.01;0.26;25.9;1.01;0.26;0.11;0.43;8000000.0
Copete;esï¿½ESP;DF;Valencia;25;1999;21;19;1,759;19.5;0;0;0;0;0;0;5;0;0.00;0.67;0.00;0.0;0.67;0.00;0.00;;
Ivï¿½n Corralejo;esï¿½ESP;MF;Real Betis;18;2007;1;0;15;0.2;0;0;0;0;0;0;0;0;0.00;0.00;0.00;;0.00;0.00;;;
Thierry Correia;ptï¿½POR;DF,MF;Valencia;26;1999;24;17;1,392;15.5;0;2;2;0;0;0;5;0;0.13;0.32;0.06;20.0;0.32;0.06;0.00;0.00;2500000.0
Alvaro Cortes;esï¿½ESP;DF;Barcelona;20;2005;1;1;90;1.0;0;0;0;0;0;0;0;0;0.00;0.00;0.00;;0.00;0.00;;;
Paco Cortï¿½s;esï¿½ESP;MF,FW;Levante;17;2007;12;4;472;5.2;0;0;0;0;0;0;2;0;0.00;2.31;0.77;33.3;2.29;0.76;0.00;0.00;
Coba da Costa;esï¿½ESP;MF;Getafe;23;2002;14;2;348;3.9;0;0;0;0;0;0;1;0;0.00;1.28;0.26;20.0;1.29;0.26;0.00;0.00;1500000.0
Logan Costa;cvï¿½CPV;DF;Villarreal;24;2001;2;0;30;0.3;0;0;0;0;0;0;0;0;0.00;0.00;0.00;;0.00;0.00;;;15000000.0
Samu Costa;ptï¿½POR;MF;Mallorca;24;2000;34;31;2,697;30.0;7;2;9;7;0;0;11;0;0.30;1.30;0.53;41.0;1.30;0.53;0.18;0.44;15000000.0
David Costas;esï¿½ESP;DF;Oviedo;30;1995;25;22;2,066;23.0;1;0;1;1;0;0;3;0;0.04;0.22;0.04;20.0;0.22;0.04;0.20;1.00;1200000.0
Thibaut Courtois;beï¿½BEL;GK;Real Madrid;33;1992;32;32;2,88;32.0;0;0;0;0;0;0;1;0;0.00;0.00;0.00;;0.00;0.00;;;15000000.0
Juan Cruz Armada;esï¿½ESP;DF;Osasuna;33;1992;15;7;649;7.2;0;0;0;0;0;0;2;0;0.00;0.14;0.00;0.0;0.14;0.00;0.00;;
Pau Cubarsï¿½;esï¿½ESP;DF;Barcelona;18;2007;31;31;2,703;30.0;1;0;1;1;0;0;3;0;0.03;0.33;0.07;20.0;0.33;0.07;0.10;0.50;
Miguel Cubo;esï¿½ESP;FW;Atlï¿½tico Madrid;17;2008;2;0;50;0.6;1;0;1;1;0;0;0;0;1.80;5.00;3.33;66.7;5.40;3.60;0.33;0.50;
Cucho;coï¿½COL;FW;Real Betis;26;1999;32;30;2,58;28.7;11;3;14;10;1;1;5;0;0.45;3.10;0.94;30.3;3.10;0.94;0.12;0.41;
Pablo Cuï¿½at;esï¿½ESP;GK;Levante;23;2002;2;2;180;2.0;0;0;0;0;0;0;0;0;0.00;0.00;0.00;;0.00;0.00;;;
Damiï¿½n;esï¿½ESP;MF;Getafe;22;2003;3;2;151;1.7;0;0;0;0;0;0;0;0;0.00;0.00;0.00;;0.00;0.00;;;
Arnaut Danjuma;nlï¿½NED;MF,FW;Valencia;28;1997;30;18;1,628;18.1;3;2;5;3;0;1;0;0;0.28;1.99;0.77;38.9;1.99;0.77;0.08;0.21;3000000.0
Sergi Darder;esï¿½ESP;MF;Mallorca;31;1993;38;30;2,68;29.8;1;5;6;1;0;0;3;0;0.20;1.21;0.44;36.1;1.21;0.44;0.03;0.08;3000000.0
Davinchi;esï¿½ESP;DF;Getafe;17;2007;14;7;700;7.8;0;0;0;0;0;0;2;0;0.00;0.51;0.26;50.0;0.51;0.26;0.00;0.00;1000000.0
Leander Dendoncker;beï¿½BEL;MF;Oviedo;30;1995;19;15;1,33;14.8;1;0;1;1;0;0;2;0;0.07;0.61;0.27;44.4;0.61;0.27;0.11;0.25;1800000.0
Nelson Deossa;coï¿½COL;MF;Real Betis;25;2000;20;8;743;8.3;0;0;0;0;0;0;3;0;0.00;2.17;0.00;0.0;2.18;0.00;0.00;;9000000.0
Ibrahim Diabatï¿½;ciï¿½CIV;FW;Alavï¿½s;25;1999;10;6;578;6.4;2;0;2;2;0;0;1;0;0.31;2.34;0.78;33.3;2.34;0.78;0.13;0.40;1500000.0
Bambo Diaby;snï¿½SEN;DF;Elche;27;1997;4;1;102;1.1;0;0;0;0;0;0;1;0;0.00;0.00;0.00;;0.00;0.00;;;300000.0
Mouctar Diakhaby;gnï¿½GUI;DF;Valencia;28;1996;8;7;543;6.0;1;0;1;1;0;0;3;0;0.17;0.67;0.50;75.0;0.66;0.50;0.25;0.33;1500000.0
Grady Diangana;cdï¿½COD;MF,FW;Elche;27;1998;20;13;926;10.3;1;0;1;1;0;0;3;0;0.10;1.55;0.19;12.5;1.56;0.19;0.06;0.50;2000000.0
Moussa Diarra;mlï¿½MLI;DF;Alavï¿½s;24;2000;3;3;216;2.4;0;0;0;0;0;0;1;0;0.00;0.00;0.00;;0.00;0.00;;;2000000.0
Alassane Diatta;snï¿½SEN;MF;Villarreal;20;2005;1;0;25;0.3;0;0;0;0;0;0;0;0;0.00;0.00;0.00;;0.00;0.00;;;
Brahim Dï¿½az;maï¿½MAR;FW,MF;Real Madrid;25;1999;30;13;1,257;14.0;1;6;7;1;0;0;2;0;0.50;1.07;0.50;46.7;1.07;0.50;0.07;0.14;
Daniel Dï¿½az;esï¿½ESP;FW;Real Sociedad;19;2006;1;0;18;0.2;0;0;0;0;0;0;0;0;0.00;0.00;0.00;;0.00;0.00;;;
Julio Diaz;esï¿½ESP;DF;Atlï¿½tico Madrid;20;2005;4;4;310;3.4;0;1;1;0;0;0;2;0;0.29;0.29;0.00;0.0;0.29;0.00;0.00;;6000000.0
Pedro Dï¿½az;esï¿½ESP;MF;Rayo Vallecano;27;1998;34;21;1,87;20.8;0;1;1;0;0;0;2;0;0.05;2.12;0.29;13.6;2.12;0.29;0.00;0.00;
Stole Dimitrievski;mkï¿½MKD;GK;Valencia;31;1993;20;20;1,8;20.0;0;0;0;0;0;0;1;0;0.00;0.00;0.00;;0.00;0.00;;;2000000.0
Matï¿½as Dituro;arï¿½ARG;GK;Elche;38;1987;22;22;1,98;22.0;0;0;0;0;0;0;1;0;0.00;0.00;0.00;;0.00;0.00;;;100000.0
Djenï¿½;tgï¿½TOG;DF,MF;Getafe;33;1991;34;32;2,578;28.6;0;0;0;0;0;0;10;2;0.00;0.14;0.00;0.0;0.14;0.00;0.00;;
Marko Dmitrovi?;rsï¿½SRB;GK;Espanyol;33;1992;37;37;3,33;37.0;0;0;0;0;0;0;0;0;0.00;0.00;0.00;;0.00;0.00;;;700000.0
Tyrhys Dolan;engï¿½ENG;MF;Espanyol;23;2001;36;28;2,415;26.8;2;5;7;2;0;0;7;1;0.26;1.27;0.45;35.3;1.27;0.45;0.06;0.17;10000000.0
Marc Domenech;esï¿½ESP;MF;Mallorca;19;2006;7;2;214;2.4;0;1;1;0;0;0;0;0;0.42;1.25;0.00;0.0;1.26;0.00;0.00;;1000000.0
Carlos Dominguez;esï¿½ESP;DF;Celta Vigo;24;2001;8;6;610;6.8;0;0;0;0;0;0;1;0;0.00;0.29;0.15;50.0;0.30;0.15;0.00;0.00;2000000.0
John Donald;esï¿½ESP;DF,MF;Elche;24;2000;21;6;665;7.4;1;0;1;1;0;0;3;0;0.14;0.81;0.27;33.3;0.81;0.27;0.17;0.50;1000000.0
Domingos Duarte;ptï¿½POR;DF;Getafe;30;1995;34;34;2,923;32.5;1;1;2;1;0;0;11;0;0.06;0.40;0.12;30.8;0.40;0.12;0.08;0.25;800000.0
Pablo Durï¿½n;esï¿½ESP;FW,MF;Celta Vigo;24;2001;30;17;1,425;15.8;2;2;4;2;0;0;1;0;0.25;2.34;0.95;40.5;2.34;0.95;0.05;0.13;
Hugo Duro;esï¿½ESP;FW;Valencia;25;1999;36;22;1,979;22.0;10;0;10;9;1;2;4;0;0.41;1.64;0.64;38.9;1.64;0.64;0.28;0.71;12000000.0
Claudio Echeverri;arï¿½ARG;FW,MF;Girona;19;2006;17;5;624;6.9;1;1;2;1;0;0;4;0;0.29;3.04;1.01;33.3;3.03;1.01;0.05;0.14;15000000.0
Ovie Ejaria;engï¿½ENG;MF;Oviedo;27;1997;8;2;200;2.2;0;0;0;0;0;0;1;0;0.00;1.36;0.45;33.3;1.35;0.45;0.00;0.00;400000.0
Chidera Ejuke;ngï¿½NGA;MF,FW;Sevilla;27;1998;27;6;932;10.4;1;1;2;1;0;0;0;0;0.19;2.21;0.29;13.0;2.22;0.29;0.04;0.33;4000000.0
Unai Elgezabal;esï¿½ESP;DF,MF;Levante;32;1993;12;11;958;10.6;1;0;1;1;0;0;2;0;0.09;0.28;0.09;33.3;0.28;0.09;0.33;1.00;500000.0
Aritz Elustondo;esï¿½ESP;DF;Real Sociedad;31;1994;16;8;720;8.0;0;1;1;0;0;0;0;0;0.12;0.50;0.25;50.0;0.50;0.25;0.00;0.00;1500000.0
Endrick;brï¿½BRA;FW;Real Madrid;19;2006;1;0;12;0.1;0;0;0;0;0;0;0;1;0.00;0.00;0.00;;0.00;0.00;;;200000.0
Endrick;brï¿½BRA;FW;Real Madrid;19;2006;1;0;12;0.1;0;0;0;0;0;0;0;1;0.00;0.00;0.00;;0.00;0.00;;;40000000.0
Aarï¿½n Escandell;esï¿½ESP;GK;Oviedo;29;1995;36;36;3,24;36.0;0;1;1;0;0;0;3;0;0.03;0.00;0.00;;0.00;0.00;;;3000000.0
Xavi Espart;esï¿½ESP;DF;Barcelona;18;2007;4;1;165;1.8;0;0;0;0;0;0;0;0;0.00;0.56;0.00;0.0;0.55;0.00;0.00;;5000000.0
Carlos Espï¿½;esï¿½ESP;FW;Levante;20;2005;25;13;1,343;14.9;11;0;11;11;0;0;3;0;0.74;3.83;1.61;42.1;3.82;1.61;0.19;0.46;
Alfonso Espino;uyï¿½URU;DF,MF;Rayo Vallecano;33;1992;30;15;1,486;16.5;2;0;2;2;0;0;3;0;0.12;1.21;0.55;45.0;1.21;0.55;0.10;0.22;900000.0
Marco Esteban;esï¿½ESP;DF;Oviedo;19;2006;1;0;45;0.5;0;0;0;0;0;0;0;0;0.00;0.00;0.00;;0.00;0.00;;;
Karl Etta Eyong;cmï¿½CMR;FW;Villarreal;21;2003;3;3;256;2.8;1;2;3;1;0;0;0;0;1.05;2.74;1.34;48.8;2.73;1.33;0.14;0.29;15000000.0
Karl Etta Eyong;cmï¿½CMR;FW;Levante;21;2003;30;15;1,416;15.7;6;2;8;6;0;1;3;0;0.51;2.50;1.07;42.9;2.46;1.05;0.14;0.33;15000000.0
Edu Expï¿½sito;esï¿½ESP;MF;Espanyol;28;1996;36;32;2,523;28.0;1;6;7;1;0;0;9;0;0.25;1.57;0.46;29.5;1.57;0.46;0.02;0.08;
Abde Ezzalzouli;maï¿½MAR;MF,FW;Real Betis;23;2001;29;26;2,247;25.0;10;8;18;10;0;0;3;0;0.72;2.92;1.04;35.6;2.92;1.04;0.14;0.38;40000000.0
Omar Falah;esï¿½ESP;DF;Oviedo;21;2003;1;0;14;0.2;0;0;0;0;0;0;0;0;0.00;0.00;0.00;;0.00;0.00;;;
Aleix Febas;esï¿½ESP;MF;Elche;29;1996;36;36;3,16;35.1;2;2;4;2;0;0;10;0;0.11;0.66;0.23;34.8;0.66;0.23;0.09;0.25;5000000.0
Luiz Felipe;itï¿½ITA;DF;Rayo Vallecano;28;1997;10;7;470;5.2;0;0;0;0;0;0;1;0;0.00;0.58;0.19;33.3;0.57;0.19;0.00;0.00;2000000.0
Luiz Felipe;itï¿½ITA;DF;Rayo Vallecano;28;1997;10;7;470;5.2;0;0;0;0;0;0;1;0;0.00;0.58;0.19;33.3;0.57;0.19;0.00;0.00;200000.0
Kiko Femenï¿½a;esï¿½ESP;DF,MF;Getafe;34;1991;28;25;2,008;22.3;1;1;2;1;0;0;6;0;0.09;0.36;0.13;37.5;0.36;0.13;0.13;0.33;
Aitor Fernï¿½ndez;esï¿½ESP;GK;Osasuna;34;1991;2;1;136;1.5;0;0;0;0;0;0;3;0;0.00;0.00;0.00;;0.00;0.00;;;50000.0
Aitor Fernï¿½ndez;esï¿½ESP;GK;Osasuna;34;1991;2;1;136;1.5;0;0;0;0;0;0;3;0;0.00;0.00;0.00;;0.00;0.00;;;500000.0
Dro Fernï¿½ndez;esï¿½ESP;MF;Barcelona;17;2008;4;1;92;1.0;0;0;0;0;0;0;0;0;0.00;0.00;0.00;;0.00;0.00;;;10000000.0
Manu Fernï¿½ndez;esï¿½ESP;DF;Celta Vigo;24;2001;14;9;758;8.4;0;0;0;0;0;0;2;0;0.00;0.24;0.00;0.0;0.24;0.00;0.00;;300000.0
Manu Fernï¿½ndez;esï¿½ESP;DF;Celta Vigo;24;2001;14;9;758;8.4;0;0;0;0;0;0;2;0;0.00;0.24;0.00;0.0;0.24;0.00;0.00;;1500000.0
Pelayo Fernandez;esï¿½ESP;DF;Rayo Vallecano;22;2003;1;0;45;0.5;0;0;0;0;0;0;0;0;0.00;2.00;0.00;0.0;2.00;0.00;0.00;;
Roberto Fï¿½rnandez;esï¿½ESP;FW;Espanyol;23;2002;38;25;2,382;26.5;7;3;10;6;1;1;3;0;0.34;2.23;0.87;39.0;2.23;0.87;0.12;0.30;
Thiago Fernï¿½ndez;arï¿½ARG;MF,FW;Oviedo;21;2004;16;9;817;9.1;0;4;4;0;0;0;4;0;0.44;1.43;0.55;38.5;1.43;0.55;0.00;0.00;4500000.0
Toni Fernï¿½ndez;esï¿½ESP;FW;Barcelona;17;2008;1;1;45;0.5;0;0;0;0;0;0;0;0;0.00;0.00;0.00;;0.00;0.00;;;
ï¿½lvaro Fidalgo;mxï¿½MEX;MF;Real Betis;28;1997;9;8;542;6.0;1;0;1;1;0;0;0;0;0.17;0.67;0.33;50.0;0.66;0.33;0.25;0.50;6000000.0
Junior Firpo;doï¿½DOM;DF;Real Betis;28;1996;12;10;827;9.2;0;1;1;0;0;0;2;0;0.11;0.54;0.00;0.0;0.54;0.00;0.00;;3500000.0
Nicolas Fonseca;uyï¿½URU;MF;Oviedo;26;1998;19;12;1,018;11.3;0;0;0;0;0;0;6;0;0.00;0.71;0.09;12.5;0.71;0.09;0.00;0.00;3000000.0
ï¿½lex Forï¿½s;esï¿½ESP;FW;Oviedo;24;2001;18;3;360;4.0;0;1;1;0;0;0;0;0;0.25;2.00;0.50;25.0;2.00;0.50;0.00;0.00;
Pablo Fornals;esï¿½ESP;MF;Real Betis;29;1996;37;34;2,848;31.6;9;6;15;9;0;0;2;0;0.47;1.36;0.57;41.9;1.36;0.57;0.21;0.50;8000000.0
Hï¿½ctor Fort;esï¿½ESP;DF,MF;Elche;18;2006;14;7;482;5.4;2;2;4;2;0;0;0;0;0.75;2.22;0.93;41.7;2.24;0.93;0.17;0.40;
Fortuï¿½o;esï¿½ESP;GK;Espanyol;23;2001;1;1;90;1.0;0;0;0;0;0;0;0;0;0.00;0.00;0.00;;0.00;0.00;;;
Dimitri Foulquier;frï¿½FRA;DF;Valencia;32;1993;15;12;1,15;12.8;0;0;0;0;0;0;1;0;0.00;0.47;0.08;16.7;0.47;0.08;0.00;0.00;900000.0
Juan Foyth;arï¿½ARG;DF;Villarreal;27;1998;13;12;934;10.4;0;0;0;0;0;0;2;0;0.00;0.19;0.00;0.0;0.19;0.00;0.00;;8000000.0
Alejandro Francï¿½s;esï¿½ESP;DF;Girona;22;2002;24;11;1,116;12.4;0;2;2;0;0;0;2;1;0.16;1.29;0.32;25.0;1.29;0.32;0.00;0.00;3000000.0
Alex Freeman;usï¿½USA;DF;Villarreal;20;2004;9;3;346;3.8;0;0;0;0;0;0;0;0;0.00;0.26;0.00;0.0;0.26;0.00;0.00;;3500000.0
Jorge de Frutos;esï¿½ESP;FW,MF;Rayo Vallecano;28;1997;36;31;2,463;27.4;10;1;11;9;1;1;3;0;0.37;2.26;1.02;45.2;2.27;1.02;0.16;0.36;12000000.0
Javi Galï¿½n;esï¿½ESP;DF;Atlï¿½tico Madrid;30;1994;5;1;134;1.5;0;0;0;0;0;0;0;0;0.00;0.32;0.05;16.7;0.32;0.05;0.00;0.00;
Javi Galï¿½n;esï¿½ESP;DF;Osasuna;30;1994;20;19;1,672;18.6;0;1;1;0;0;0;3;0;0.05;0.00;0.00;;0.00;0.00;;;
Iï¿½igo Ruiz de Galarreta;esï¿½ESP;MF;Athletic Club;31;1993;34;30;2,206;24.5;1;2;3;1;0;0;10;0;0.12;0.82;0.08;10.0;0.82;0.08;0.05;0.50;2000000.0
Conor Gallagher;engï¿½ENG;MF;Atlï¿½tico Madrid;25;2000;19;4;679;7.5;2;0;2;2;0;0;2;0;0.27;1.73;0.67;38.5;1.72;0.66;0.15;0.40;32000000.0
Facundo Garcï¿½s;myï¿½MAS;DF;Alavï¿½s;25;1999;10;8;793;8.8;0;0;0;0;0;0;3;0;0.00;0.91;0.45;50.0;0.91;0.45;0.00;0.00;1000000.0
ï¿½lvaro Garcï¿½a;esï¿½ESP;MF,FW;Rayo Vallecano;32;1992;32;23;2,101;23.3;4;5;9;4;0;0;3;0;0.39;2.02;0.82;40.4;2.01;0.81;0.09;0.21;
Eder Garcï¿½a;esï¿½ESP;FW;Athletic Club;21;2004;2;0;38;0.4;0;0;0;0;0;0;1;0;0.00;2.50;0.00;0.0;2.37;0.00;0.00;;
Eric Garcï¿½a;esï¿½ESP;DF,MF;Barcelona;24;2001;34;32;2,721;30.2;1;1;2;1;0;0;6;0;0.07;0.83;0.23;28.0;0.83;0.23;0.04;0.14;
Fran Garcia;esï¿½ESP;DF,MF;Real Madrid;25;1999;13;10;929;10.3;1;1;2;1;0;0;2;1;0.19;0.58;0.19;33.3;0.58;0.19;0.17;0.50;10000000.0
Gonzalo Garcï¿½a;esï¿½ESP;FW;Real Madrid;21;2004;30;9;964;10.7;6;1;7;6;0;0;2;0;0.65;1.96;1.03;52.4;1.96;1.03;0.29;0.55;300000.0
Gonzalo Garcï¿½a;esï¿½ESP;FW;Real Madrid;21;2004;30;9;964;10.7;6;1;7;6;0;0;2;0;0.65;1.96;1.03;52.4;1.96;1.03;0.29;0.55;30000000.0
Hugo Garcï¿½a;esï¿½ESP;MF;Celta Vigo;18;2006;1;0;8;0.1;0;0;0;0;0;0;0;0;0.00;0.00;0.00;;0.00;0.00;;;
Joan Garcï¿½a;esï¿½ESP;GK;Barcelona;24;2001;30;30;2,7;30.0;0;0;0;0;0;0;1;0;0.00;0.00;0.00;;0.00;0.00;;;
Pablo Garcia;esï¿½ESP;MF;Real Betis;19;2006;15;2;388;4.3;0;0;0;0;0;0;1;0;0.00;3.02;0.93;30.8;3.02;0.93;0.00;0.00;250000.0
Pablo Garcia;esï¿½ESP;MF;Real Betis;19;2006;15;2;388;4.3;0;0;0;0;0;0;1;0;0.00;3.02;0.93;30.8;3.02;0.93;0.00;0.00;8000000.0
Rubï¿½n Garcï¿½a;esï¿½ESP;MF,FW;Osasuna;32;1993;35;28;2,229;24.8;2;5;7;2;0;0;6;0;0.28;1.25;0.40;32.3;1.25;0.40;0.06;0.20;
Vï¿½ctor Garcï¿½a;esï¿½ESP;MF,FW;Levante;27;1997;21;12;1,04;11.6;2;1;3;2;0;0;1;0;0.26;1.64;0.69;42.1;1.64;0.69;0.11;0.25;
Federico Gattoni;arï¿½ARG;DF;Sevilla;26;1999;1;0;10;0.1;0;0;0;0;0;0;0;0;0.00;0.00;0.00;;0.00;0.00;;;800000.0
Gavi;esï¿½ESP;MF;Barcelona;20;2004;11;7;573;6.4;0;1;1;0;0;0;3;0;0.16;0.00;0.00;;0.00;0.00;;;30000000.0
Paulo Gazzaniga;arï¿½ARG;GK;Girona;33;1992;35;35;3,102;34.5;0;0;0;0;0;0;4;1;0.00;0.00;0.00;;0.00;0.00;;;1800000.0
Mourad El Ghezouani;maï¿½MAR;FW;Elche;27;1998;2;0;50;0.6;0;0;0;0;0;0;0;0;0.00;1.67;0.00;0.0;1.80;0.00;0.00;;2500000.0
Bryan Gil;esï¿½ESP;MF,FW;Girona;24;2001;29;20;1,578;17.5;0;3;3;0;0;0;6;0;0.17;1.54;0.40;25.9;1.54;0.40;0.00;0.00;8000000.0
Moi Gï¿½mez;esï¿½ESP;MF;Osasuna;31;1994;26;12;1,201;13.3;0;2;2;0;0;0;3;0;0.15;0.83;0.15;18.2;0.82;0.15;0.00;0.00;
Sergio Gï¿½mez;esï¿½ESP;DF;Real Sociedad;24;2000;35;30;2,701;30.0;0;6;6;0;0;0;5;1;0.20;0.40;0.00;0.0;0.40;0.00;0.00;;
Unai Gï¿½mez;esï¿½ESP;MF;Athletic Club;22;2003;26;12;936;10.4;1;1;2;1;0;0;1;0;0.19;2.21;0.67;30.4;2.21;0.67;0.04;0.14;
Valentï¿½n Gï¿½mez;arï¿½ARG;DF;Real Betis;22;2003;28;19;1,882;20.9;1;0;1;1;0;0;5;0;0.05;0.53;0.24;45.5;0.53;0.24;0.09;0.20;
Hugo Gonzï¿½lez;esï¿½ESP;FW;Celta Vigo;22;2003;1;0;8;0.1;0;0;0;0;0;0;0;0;0.00;0.00;0.00;;0.00;0.00;;;350000.0
Hugo Gonzï¿½lez;esï¿½ESP;FW;Celta Vigo;22;2003;1;0;8;0.1;0;0;0;0;0;0;0;0;0.00;0.00;0.00;;0.00;0.00;;;300000.0
Nicolï¿½s Gonzï¿½lez;arï¿½ARG;MF,DF;Atlï¿½tico Madrid;27;1998;24;18;1,448;16.1;5;0;5;5;0;0;4;1;0.31;2.67;1.30;48.8;2.67;1.31;0.12;0.24;
Urko Gonzï¿½lez;esï¿½ESP;MF;Espanyol;24;2001;35;28;2,623;29.1;0;1;1;0;0;0;7;0;0.03;0.00;0.00;;0.00;0.00;;;
Urko Gonzï¿½lez;esï¿½ESP;DF,MF;Real Sociedad;24;2001;1;0;11;0.1;0;0;0;0;0;0;0;0;0.00;0.62;0.03;5.6;0.62;0.03;0.00;0.00;
Andoni Gorosabel;esï¿½ESP;DF;Athletic Club;28;1996;24;15;1,36;15.1;0;1;1;0;0;0;3;0;0.07;0.33;0.07;20.0;0.33;0.07;0.00;0.00;3000000.0
Jon Gorrotxategi;esï¿½ESP;MF;Real Sociedad;23;2002;30;26;2,21;24.6;1;3;4;1;0;0;7;0;0.16;0.53;0.04;7.7;0.53;0.04;0.08;1.00;25000000.0
Mikel Goti;esï¿½ESP;MF;Real Sociedad;23;2002;4;1;76;0.8;0;0;0;0;0;0;0;0;0.00;3.75;0.00;0.0;3.55;0.00;0.00;;1500000.0
Antoine Griezmann;frï¿½FRA;FW;Atlï¿½tico Madrid;34;1991;34;13;1,481;16.5;7;4;11;7;0;0;1;0;0.67;2.85;1.52;53.2;2.86;1.52;0.15;0.28;8000000.0
Nemanja Gudelj;rsï¿½SRB;DF,MF;Sevilla;33;1991;34;26;2,348;26.1;2;0;2;2;0;0;9;0;0.08;1.19;0.34;29.0;1.19;0.34;0.06;0.22;2000000.0
Gonï¿½alo Guedes;ptï¿½POR;MF;Real Sociedad;28;1996;32;22;1,823;20.3;8;4;12;8;0;0;3;0;0.59;2.27;0.89;39.1;2.27;0.89;0.17;0.44;6000000.0
Javier Guerra;esï¿½ESP;MF,FW;Valencia;22;2003;36;25;2,061;22.9;4;6;10;4;0;0;3;0;0.44;1.35;0.52;38.7;1.35;0.52;0.13;0.33;200000.0
Javier Guerra;esï¿½ESP;MF,FW;Valencia;22;2003;36;25;2,061;22.9;4;6;10;4;0;0;3;0;0.44;1.35;0.52;38.7;1.35;0.52;0.13;0.33;25000000.0
Daniel Guerrero;esï¿½ESP;MF;Real Betis;20;2005;1;0;1;0.0;0;0;0;0;0;0;0;0;0.00;0;0;;0.00;0.00;;;
Ander Guevara;esï¿½ESP;MF;Alavï¿½s;28;1997;25;2;654;7.3;1;1;2;1;0;0;4;1;0.28;0.68;0.14;20.0;0.69;0.14;0.20;1.00;2500000.0
Pape Gueye;snï¿½SEN;MF;Villarreal;26;1999;30;26;2,131;23.7;5;2;7;4;1;1;8;0;0.25;1.98;0.55;27.7;1.98;0.55;0.11;0.38;40000000.0
Arda Gï¿½ler;trï¿½TUR;MF;Real Madrid;20;2005;33;25;2,014;22.4;4;9;13;4;0;0;1;0;0.58;2.19;0.85;38.8;2.19;0.85;0.08;0.21;
Gerard Gumbau;esï¿½ESP;MF;Rayo Vallecano;30;1994;28;14;1,175;13.1;0;3;3;0;0;0;4;0;0.23;1.53;0.38;25.0;1.53;0.38;0.00;0.00;1200000.0
Jon Guridi;esï¿½ESP;MF,FW;Alavï¿½s;30;1995;28;15;1,238;13.8;0;0;0;0;0;0;1;0;0.00;1.09;0.29;26.7;1.09;0.29;0.00;0.00;1800000.0
Gorka Guruzeta;esï¿½ESP;FW;Athletic Club;28;1996;35;28;2,363;26.3;10;3;13;9;1;1;6;1;0.46;3.19;1.22;38.1;3.20;1.22;0.12;0.31;5000000.0
Dï¿½vid Hancko;skï¿½SVK;DF;Atlï¿½tico Madrid;27;1997;30;27;2,432;27.0;0;2;2;0;0;0;2;0;0.07;0.78;0.19;23.8;0.78;0.19;0.00;0.00;
Haissem Hassan;egï¿½EGY;MF,FW;Oviedo;23;2002;37;20;1,942;21.6;0;3;3;0;0;0;1;0;0.14;1.57;0.37;23.5;1.58;0.37;0.00;0.00;3500000.0
Jorge Herrando;esï¿½ESP;DF;Osasuna;24;2001;28;17;1,6;17.8;0;1;1;0;0;0;3;0;0.06;0.17;0.00;0.0;0.17;0.00;0.00;;3500000.0
Sergio Herrera;esï¿½ESP;GK;Osasuna;32;1993;37;37;3,284;36.5;0;0;0;0;0;0;3;1;0.00;0.00;0.00;;0.00;0.00;;;2800000.0
Yangel Herrera;veï¿½VEN;MF;Girona;27;1998;2;2;110;1.2;0;0;0;0;0;0;0;0;0.00;0.86;0.17;20.0;0.86;0.17;0.00;0.00;6000000.0
Yangel Herrera;veï¿½VEN;MF;Real Sociedad;27;1998;12;6;526;5.8;0;0;0;0;0;0;2;0;0.00;0.83;0.00;0.0;0.82;0.00;0.00;;6000000.0
Asier Hierro;esï¿½ESP;FW;Athletic Club;20;2005;1;0;34;0.4;0;0;0;0;0;0;0;0;0.00;2.50;0.00;0.0;2.65;0.00;0.00;;
Omar El Hilali;maï¿½MAR;DF;Espanyol;21;2003;36;32;2,826;31.4;0;2;2;0;0;0;9;0;0.06;0.03;0.00;0.0;0.03;0.00;0.00;;15000000.0
Ali Houary;maï¿½MAR;MF;Elche;19;2005;2;2;123;1.4;0;0;0;0;0;0;0;0;0.00;1.43;0.00;0.0;1.46;0.00;0.00;;
Dean Huijsen;esï¿½ESP;DF;Real Madrid;20;2005;28;24;2,034;22.6;2;2;4;2;0;0;7;1;0.18;0.88;0.22;25.0;0.88;0.22;0.10;0.40;60000000.0
Pablo Ibï¿½ï¿½ez;esï¿½ESP;MF;Alavï¿½s;26;1998;37;28;2,236;24.8;1;1;2;1;0;0;7;0;0.08;1.90;0.52;27.7;1.89;0.52;0.02;0.08;
Stanis Idumbo;beï¿½BEL;MF;Sevilla;20;2005;1;1;45;0.5;0;0;0;0;0;0;0;0;0.00;2.00;0.00;0.0;2.00;0.00;0.00;;4000000.0
Borja Iglesias;esï¿½ESP;FW;Celta Vigo;32;1993;35;21;1,9;21.1;14;2;16;10;4;4;7;0;0.57;0.73;0.14;19.2;0.73;0.14;0.04;0.20;2800000.0
Iglesias;esï¿½ESP;DF;Getafe;27;1998;37;36;3,185;35.4;1;2;3;1;0;0;4;0;0.08;2.18;1.23;56.5;2.18;1.23;0.30;0.54;
Luka Ili?;rsï¿½SRB;MF,FW;Oviedo;26;1999;19;8;742;8.2;1;0;1;1;0;0;4;1;0.12;1.10;0.61;55.6;1.09;0.61;0.11;0.20;1400000.0
Isco;esï¿½ESP;MF;Real Betis;33;1992;8;1;233;2.6;1;1;2;0;1;1;0;0;0.39;2.69;0.38;14.3;2.70;0.39;0.14;1.00;3500000.0
Urko Izeta;esï¿½ESP;FW;Athletic Club;25;1999;13;1;193;2.1;1;0;1;1;0;0;2;0;0.47;5.24;2.38;45.5;5.13;2.33;0.09;0.20;1400000.0
Jairo Izquierdo;esï¿½ESP;DF,FW;Elche;31;1993;1;0;24;0.3;0;0;0;0;0;0;0;0;0.00;0.00;0.00;;0.00;0.00;;;800000.0
Adnan Januzaj;beï¿½BEL;MF,FW;Sevilla;30;1995;12;2;321;3.6;0;0;0;0;0;0;1;0;0.00;1.94;0.00;0.0;1.96;0.00;0.00;;1000000.0
Mikel Jauregizar;esï¿½ESP;MF;Athletic Club;21;2003;36;34;2,831;31.5;2;0;2;2;0;0;6;1;0.06;1.24;0.35;28.2;1.24;0.35;0.05;0.18;30000000.0
David Jimï¿½nez;esï¿½ESP;DF;Real Madrid;21;2004;2;1;76;0.8;0;0;0;0;0;0;0;0;0.00;1.25;1.25;100.0;1.18;1.18;0.00;0.00;3000000.0
Jofre;esï¿½ESP;MF;Espanyol;24;2001;26;9;930;10.3;1;0;1;1;0;0;1;0;0.10;2.23;0.68;30.4;2.23;0.68;0.04;0.14;
Frenkie de Jong;nlï¿½NED;MF;Barcelona;28;1997;25;16;1,636;18.2;1;5;6;1;0;0;4;1;0.33;0.38;0.11;28.6;0.39;0.11;0.14;0.50;35000000.0
Joan Jordï¿½n;esï¿½ESP;MF;Sevilla;31;1994;3;0;25;0.3;0;0;0;0;0;0;1;1;0.00;0.00;0.00;;0.00;0.00;;;
Josan;esï¿½ESP;MF,DF;Elche;35;1989;19;4;565;6.3;0;3;3;0;0;0;2;0;0.48;0.48;0.16;33.3;0.48;0.16;0.00;0.00;100000.0
Mateo Joseph;esï¿½ESP;MF,FW;Mallorca;21;2003;29;19;1,699;18.9;2;3;5;2;0;0;2;0;0.26;1.75;0.74;42.4;1.75;0.74;0.06;0.14;3500000.0
Juanmi;esï¿½ESP;FW,MF;Getafe;32;1993;8;0;179;2.0;1;0;1;1;0;0;0;0;0.50;1.00;0.50;50.0;1.01;0.50;0.50;1.00;1000000.0
Luiz Lï¿½cio Reis Jï¿½nior;brï¿½BRA;GK;Villarreal;24;2001;28;28;2,52;28.0;0;0;0;0;0;0;3;0;0.00;0.00;0.00;;0.00;0.00;;;
Vinicius Jï¿½nior;brï¿½BRA;FW,MF;Real Madrid;25;2000;36;32;2,815;31.3;16;5;21;12;4;5;8;0;0.54;3.19;1.47;46.0;3.20;1.47;0.16;0.35;140000000.0
Ferran Jutglï¿½;esï¿½ESP;FW;Celta Vigo;26;1999;30;21;1,652;18.4;9;3;12;9;0;0;4;0;0.65;2.45;1.41;57.8;2.45;1.42;0.20;0.35;10000000.0
Justin-Noï¿½l Kalumba;frï¿½FRA;FW;Mallorca;20;2004;3;1;81;0.9;0;0;0;0;0;0;0;0;0.00;1.11;0.00;0.0;1.11;0.00;0.00;;
Abu Kamara;engï¿½ENG;MF;Getafe;22;2003;12;1;256;2.8;0;0;0;0;0;0;1;0;0.00;1.43;0.36;25.0;1.41;0.35;0.00;0.00;2500000.0
Willy Kambwala;frï¿½FRA;DF;Villarreal;20;2004;2;1;86;1.0;0;0;0;0;0;0;0;0;0.00;0.00;0.00;;0.00;0.00;;;3000000.0
Jon Karrikaburu;esï¿½ESP;FW;Real Sociedad;22;2002;7;0;135;1.5;0;0;0;0;0;0;0;0;0.00;4.67;1.33;28.6;4.67;1.33;0.00;0.00;1800000.0
Kikï¿½;esï¿½ESP;FW;Espanyol;35;1989;37;17;1,734;19.3;8;1;9;7;1;2;3;0;0.42;3.11;1.40;45.0;3.11;1.40;0.13;0.30;
Koke;esï¿½ESP;MF;Atlï¿½tico Madrid;33;1992;34;24;2,219;24.7;2;2;4;2;0;0;6;0;0.16;0.57;0.16;28.6;0.57;0.16;0.14;0.50;5000000.0
Luca Koleosho;itï¿½ITA;MF;Espanyol;20;2004;3;0;63;0.7;0;0;0;0;0;0;0;0;0.00;1.43;0.00;0.0;1.43;0.00;0.00;;6000000.0
Ville Koski;fiï¿½FIN;DF;Alavï¿½s;23;2002;5;3;282;3.1;0;0;0;0;0;0;0;0;0.00;0.32;0.32;100.0;0.32;0.32;0.00;0.00;1500000.0
Jules Koundï¿½;frï¿½FRA;DF;Barcelona;26;1998;30;24;2,261;25.1;1;3;4;1;0;0;6;0;0.16;0.56;0.16;28.6;0.56;0.16;0.07;0.25;
Lancinet Kourouma;gnï¿½GUI;FW;Girona;21;2004;5;0;43;0.5;0;0;0;0;0;0;0;1;0.00;0.00;0.00;;0.00;0.00;;;
Goduine Koyalipou;cfï¿½CTA;FW;Levante;25;2000;11;2;247;2.7;1;0;1;1;0;0;1;0;0.36;3.70;1.48;40.0;3.64;1.46;0.10;0.25;2500000.0
Vladyslav Krapyvtsov;uaï¿½UKR;GK;Girona;20;2005;2;1;136;1.5;0;0;0;0;0;0;0;0;0.00;0.00;0.00;;0.00;0.00;;;300000.0
Ladislav Krej?ï¿½;czï¿½CZE;DF;Girona;26;1999;2;2;180;2.0;0;0;0;0;0;0;1;0;0.00;0.50;0.00;0.0;0.50;0.00;0.00;;
Takefusa Kubo;jpï¿½JPN;MF;Real Sociedad;24;2001;24;17;1,503;16.7;2;4;6;2;0;0;2;0;0.36;1.68;0.72;42.9;1.68;0.72;0.07;0.17;20000000.0
Marash Kumbulla;alï¿½ALB;DF;Mallorca;25;2000;8;5;439;4.9;0;0;0;0;0;0;1;0;0.00;0.61;0.00;0.0;0.62;0.00;0.00;;3000000.0
Adriï¿½n de la Fuente;esï¿½ESP;DF;Levante;26;1999;33;30;2,711;30.1;3;1;4;2;1;3;5;0;0.10;1.30;0.30;23.1;1.29;0.30;0.08;0.33;
Yoel Lago;esï¿½ESP;DF;Celta Vigo;21;2004;12;11;938;10.4;0;0;0;0;0;0;4;0;0.00;0.10;0.00;0.0;0.10;0.00;0.00;;4000000.0
Aymeric Laporte;esï¿½ESP;DF;Athletic Club;31;1994;25;24;2,058;22.9;0;1;1;0;0;0;4;0;0.04;0.66;0.22;33.3;0.66;0.22;0.00;0.00;8000000.0
Toni Lato;esï¿½ESP;DF,MF;Mallorca;27;1997;12;7;583;6.5;0;1;1;0;0;0;3;0;0.15;0.00;0.00;;0.00;0.00;;;1400000.0
Robin Le Normand;esï¿½ESP;DF;Atlï¿½tico Madrid;28;1996;28;17;1,789;19.9;1;1;2;1;0;0;5;0;0.10;0.30;0.05;16.7;0.30;0.05;0.17;1.00;20000000.0
ï¿½lvaro Leiva;esï¿½ESP;FW;Real Madrid;22;2002;1;0;4;0.0;0;0;0;0;0;0;0;0;0.00;0;0;;0.00;0.00;;;
Florian Lejeune;frï¿½FRA;DF;Rayo Vallecano;34;1991;36;36;3,23;35.9;2;1;3;2;0;0;7;0;0.08;1.39;0.50;36.0;1.39;0.50;0.04;0.11;1800000.0
Youssef Lekhedim;esï¿½ESP;DF,MF;Alavï¿½s;19;2005;25;13;1,335;14.8;0;1;1;0;0;0;7;0;0.07;0.74;0.20;27.3;0.74;0.20;0.00;0.00;
Iï¿½igo Lekue;esï¿½ESP;DF;Athletic Club;32;1993;11;8;600;6.7;0;0;0;0;0;0;2;2;0.00;0.45;0.15;33.3;0.45;0.15;0.00;0.00;
Thomas Lemar;frï¿½FRA;MF;Girona;29;1995;27;14;1,258;14.0;3;1;4;3;0;0;4;0;0.29;1.21;0.57;47.1;1.22;0.57;0.18;0.38;1800000.0
Ruben Lendinez;esï¿½ESP;DF;Valencia;22;2003;1;0;4;0.0;0;0;0;0;0;0;0;0;0.00;0;0;;0.00;0.00;;;
Clï¿½ment Lenglet;frï¿½FRA;DF;Atlï¿½tico Madrid;30;1995;19;17;1,391;15.5;0;1;1;0;0;0;6;1;0.06;0.32;0.00;0.0;0.32;0.00;0.00;;4000000.0
Robert Lewandowski;plï¿½POL;FW;Barcelona;36;1988;31;17;1,664;18.5;14;2;16;13;1;3;2;0;0.81;3.41;1.57;46.0;3.41;1.57;0.22;0.48;7000000.0
Adriï¿½n Liso;esï¿½ESP;FW,MF;Getafe;20;2005;28;21;1,702;18.9;3;0;3;3;0;0;5;1;0.16;1.38;0.53;38.5;1.37;0.53;0.12;0.30;
Javier Llabrï¿½s;esï¿½ESP;MF;Mallorca;22;2002;16;1;187;2.1;0;0;0;0;0;0;0;0;0.00;2.38;0.95;40.0;2.41;0.96;0.00;0.00;
Diego Llorente;esï¿½ESP;DF;Real Betis;31;1993;18;14;1,229;13.7;1;0;1;1;0;0;5;0;0.07;0.29;0.22;75.0;0.29;0.22;0.25;0.33;2500000.0
Diego Llorente;esï¿½ESP;DF;Real Betis;31;1993;18;14;1,229;13.7;1;0;1;1;0;0;5;0;0.07;0.29;0.22;75.0;0.29;0.22;0.25;0.33;150000.0
Marcos Llorente;esï¿½ESP;DF,MF;Atlï¿½tico Madrid;30;1995;29;25;2,181;24.2;0;4;4;0;0;0;7;1;0.17;0.74;0.25;33.3;0.74;0.25;0.00;0.00;20000000.0
Giovani Lo Celso;arï¿½ARG;MF;Real Betis;29;1996;24;15;1,393;15.5;2;3;5;2;0;0;4;0;0.32;1.94;0.71;36.7;1.94;0.71;0.07;0.18;8000000.0
Ademola Lookman;ngï¿½NGA;FW,MF;Atlï¿½tico Madrid;27;1997;12;9;617;6.9;4;0;4;3;1;1;1;0;0.44;3.04;0.72;23.8;3.06;0.73;0.19;0.80;40000000.0
David Lï¿½pez;esï¿½ESP;DF;Mallorca;22;2003;14;9;837;9.3;0;0;0;0;0;0;2;0;0.00;0.30;0.30;100.0;0.31;0.31;0.00;0.00;
David Lï¿½pez;esï¿½ESP;DF;Girona;35;1989;6;3;293;3.3;0;0;0;0;0;0;0;0;0.00;0.43;0.00;0.0;0.43;0.00;0.00;;
Diego Lï¿½pez;esï¿½ESP;MF,FW;Valencia;23;2002;34;20;1,762;19.6;4;1;5;4;0;0;2;0;0.26;1.43;0.41;28.6;1.43;0.41;0.14;0.50;
Fer Lï¿½pez;esï¿½ESP;MF,FW;Celta Vigo;21;2004;17;13;1,17;13.0;1;1;2;1;0;0;3;0;0.15;1.00;0.38;38.5;1.00;0.38;0.08;0.20;
Fermin Lï¿½pez;esï¿½ESP;MF;Barcelona;22;2003;30;19;1,797;20.0;6;9;15;6;0;0;3;0;0.75;3.40;1.25;36.8;3.41;1.25;0.09;0.24;
Hugo Lï¿½pez;esï¿½ESP;MF;Villarreal;18;2007;2;1;56;0.6;0;0;0;0;0;0;0;0;0.00;0.00;0.00;;0.00;0.00;;;
Javi Lï¿½pez;esï¿½ESP;DF;Oviedo;23;2002;25;20;1,711;19.0;0;1;1;0;0;0;3;1;0.05;0.37;0.05;14.3;0.37;0.05;0.00;0.00;
Pau Lï¿½pez;esï¿½ESP;GK;Real Betis;30;1994;9;9;810;9.0;0;0;0;0;0;0;1;0;0.00;0.00;0.00;;0.00;0.00;;;
Unai Lï¿½pez;esï¿½ESP;MF;Rayo Vallecano;29;1995;28;19;1,612;17.9;0;4;4;0;0;0;8;1;0.22;1.23;0.22;18.2;1.23;0.22;0.00;0.00;
Iker Losada;esï¿½ESP;MF;Levante;23;2001;23;10;902;10.0;3;1;4;3;0;0;1;0;0.40;1.40;0.40;28.6;1.40;0.40;0.21;0.75;1800000.0
Pol Lozano;esï¿½ESP;MF;Espanyol;25;1999;33;28;2,157;24.0;2;1;3;2;0;0;12;1;0.13;0.71;0.21;29.4;0.71;0.21;0.12;0.40;6000000.0
Sergio Lozano;esï¿½ESP;MF;Levante;26;1999;1;0;12;0.1;0;0;0;0;0;0;0;0;0.00;0.00;0.00;;0.00;0.00;;;1500000.0
Sergio Lozano;esï¿½ESP;MF;Levante;26;1999;1;0;12;0.1;0;0;0;0;0;0;0;0;0.00;0.00;0.00;;0.00;0.00;;;25000.0
Oier Luengo;esï¿½ESP;DF;Oviedo;27;1997;3;3;225;2.5;0;1;1;0;0;0;1;0;0.40;0.40;0.00;0.0;0.40;0.00;0.00;;
Josï¿½ Luis Gayï¿½;esï¿½ESP;DF;Valencia;30;1995;32;31;2,448;27.2;1;2;3;1;0;0;6;1;0.11;0.48;0.11;23.1;0.48;0.11;0.08;0.33;
Josï¿½ Luis Morales;esï¿½ESP;MF;Levante;38;1987;20;1;363;4.0;1;1;2;0;1;1;1;0;0.25;2.75;1.00;36.4;2.73;0.99;0.09;0.25;200000.0
Dodi Lukebakio;beï¿½BEL;MF;Sevilla;27;1997;2;2;180;2.0;1;0;1;1;0;0;0;0;0.50;1.00;0.50;50.0;1.00;0.50;0.50;1.00;15000000.0
Andriy Lunin;uaï¿½UKR;GK;Real Madrid;26;1999;6;6;540;6.0;0;0;0;0;0;0;0;1;0.00;0.00;0.00;;0.00;0.00;;;12000000.0
Iker Luque;esï¿½ESP;DF;Atlï¿½tico Madrid;20;2005;1;0;28;0.3;1;0;1;1;0;0;0;0;3.21;10.0;6.67;66.7;9.64;6.43;0.33;0.50;
Zito Luvumbo;aoï¿½ANG;FW,MF;Mallorca;23;2002;10;6;508;5.6;0;2;2;0;0;0;2;0;0.35;1.61;1.25;77.8;1.59;1.24;0.00;0.00;3000000.0
Carlos Maciï¿½;esï¿½ESP;MF;Villarreal;16;2008;5;0;83;0.9;0;0;0;0;0;0;1;0;0.00;1.11;0.00;0.0;1.08;0.00;0.00;;
Pablo Maffeo;esï¿½ESP;DF;Mallorca;28;1997;31;30;2,662;29.6;1;2;3;1;0;0;11;0;0.10;0.24;0.03;14.3;0.24;0.03;0.14;1.00;3000000.0
Aitor Maï¿½as;esï¿½ESP;FW;Alavï¿½s;22;2003;9;0;122;1.4;0;0;0;0;0;0;0;0;0.00;1.43;0.71;50.0;1.48;0.74;0.00;0.00;
Marcï¿½o;brï¿½BRA;DF;Sevilla;29;1996;13;11;938;10.4;1;0;1;1;0;0;5;1;0.10;0.96;0.19;20.0;0.96;0.19;0.10;0.50;
Josï¿½ Marï¿½a Gimï¿½nez;uyï¿½URU;DF;Atlï¿½tico Madrid;30;1995;16;13;1,178;13.1;0;1;1;0;0;0;3;0;0.08;0.99;0.23;23.1;0.99;0.23;0.00;0.00;
Mariano;doï¿½DOM;FW;Alavï¿½s;31;1993;10;3;288;3.2;0;0;0;0;0;0;1;0;0.00;1.88;0.94;50.0;1.87;0.94;0.00;0.00;300000.0
Arkaitz Mariezkurrena;esï¿½ESP;FW;Real Sociedad;20;2005;1;0;1;0.0;0;0;0;0;0;0;0;0;0.00;0;0;;0.00;0.00;;;800000.0
Pablo Marï¿½n;esï¿½ESP;MF;Real Sociedad;22;2003;34;15;1,502;16.7;0;1;1;0;0;0;2;0;0.06;0.78;0.24;30.8;0.78;0.24;0.00;0.00;
Rafa Marï¿½n;esï¿½ESP;DF;Villarreal;23;2002;23;21;1,979;22.0;1;0;1;1;0;0;1;0;0.05;0.23;0.05;20.0;0.23;0.05;0.20;1.00;
Tomas Marques;esï¿½ESP;MF;Barcelona;18;2006;2;0;11;0.1;0;0;0;0;0;0;0;0;0.00;0.00;0.00;;0.00;0.00;;;
Unai Marrero;esï¿½ESP;GK;Real Sociedad;23;2001;1;1;90;1.0;0;0;0;0;0;0;1;0;0.00;0.00;0.00;;0.00;0.00;;;1000000.0
Carlos Martï¿½n;esï¿½ESP;MF,FW;Rayo Vallecano;23;2002;11;7;450;5.0;0;0;0;0;0;0;1;0;0.00;1.80;0.80;44.4;1.80;0.80;0.00;0.00;1500000.0
Gerard Martï¿½n;esï¿½ESP;DF;Barcelona;23;2002;32;26;2,119;23.5;0;0;0;0;0;0;6;0;0.00;0.30;0.17;57.1;0.30;0.17;0.00;0.00;35000000.0
Ivï¿½n Martï¿½n;esï¿½ESP;MF;Girona;26;1999;35;29;2,532;28.1;0;1;1;0;0;0;5;1;0.04;0.46;0.18;38.5;0.46;0.18;0.00;0.00;
Jon Martin;esï¿½ESP;DF;Real Sociedad;19;2006;25;25;2,25;25.0;2;0;2;2;0;0;6;0;0.08;0.60;0.20;33.3;0.60;0.20;0.13;0.40;300000.0
Mario Martï¿½n;esï¿½ESP;MF,FW;Getafe;21;2004;35;26;2,125;23.6;2;1;3;2;0;0;11;0;0.13;1.10;0.25;23.1;1.10;0.25;0.08;0.33;
Arnau Martinez;esï¿½ESP;DF,MF;Girona;22;2003;35;33;2,666;29.6;2;3;5;2;0;0;6;0;0.17;0.64;0.14;21.1;0.64;0.14;0.11;0.50;10000000.0
Daniel Martinez;esï¿½ESP;DF;Atlï¿½tico Madrid;21;2004;1;1;90;1.0;0;0;0;0;0;0;0;0;0.00;0.00;0.00;;0.00;0.00;;;125000.0
Joaquï¿½n Martï¿½nez Gauna;esï¿½ESP;MF,DF;Sevilla;22;2003;21;14;1,408;15.6;2;3;5;2;0;0;1;0;0.32;1.09;0.51;47.1;1.09;0.51;0.12;0.25;
Pablo Martï¿½nez;esï¿½ESP;MF;Levante;27;1998;27;21;1,857;20.6;1;5;6;1;0;0;3;0;0.29;1.36;0.19;14.3;1.36;0.19;0.04;0.25;250000.0
Pablo Martï¿½nez;esï¿½ESP;MF;Levante;27;1998;27;21;1,857;20.6;1;5;6;1;0;0;3;0;0.29;1.36;0.19;14.3;1.36;0.19;0.04;0.25;3000000.0
Ramï¿½n Martï¿½nez;esï¿½ESP;DF;Sevilla;22;2002;2;0;102;1.1;0;0;0;0;0;0;0;0;0.00;0.00;0.00;;0.00;0.00;;;
Toni Martï¿½nez;esï¿½ESP;FW;Alavï¿½s;28;1997;37;32;2,714;30.2;14;3;17;13;1;1;2;0;0.53;3.08;1.19;38.7;3.08;1.19;0.15;0.39;7500000.0
Omar Mascarell;gqï¿½EQG;MF,DF;Mallorca;32;1993;30;26;2,239;24.9;2;2;4;2;0;0;5;0;0.16;0.28;0.12;42.9;0.28;0.12;0.29;0.67;700000.0
Franco Mastantuono;arï¿½ARG;MF,FW;Real Madrid;17;2007;23;11;1,037;11.5;1;0;1;1;0;0;5;1;0.09;2.61;0.61;23.3;2.60;0.61;0.03;0.14;45000000.0
Alan Matturro;uyï¿½URU;DF;Levante;20;2004;19;10;947;10.5;1;1;2;1;0;0;0;1;0.19;0.76;0.10;12.5;0.76;0.10;0.13;1.00;4000000.0
Neal Maupay;frï¿½FRA;FW;Sevilla;28;1996;12;10;865;9.6;2;1;3;2;0;0;2;0;0.31;1.77;0.73;41.2;1.77;0.73;0.12;0.29;4000000.0
Borja Mayoral;esï¿½ESP;FW;Getafe;28;1997;16;12;1,058;11.8;4;1;5;4;0;1;0;0;0.43;1.27;0.59;46.7;1.28;0.60;0.27;0.57;6000000.0
Kylian Mbappï¿½;frï¿½FRA;FW;Real Madrid;26;1998;31;29;2,599;28.9;25;5;30;17;8;9;4;0;0.76;5.05;2.18;43.2;5.06;2.18;0.17;0.40;180000000.0
Brais Mï¿½ndez;esï¿½ESP;MF,FW;Real Sociedad;28;1997;29;21;1,66;18.4;6;2;8;5;1;2;4;1;0.38;1.96;0.87;44.4;1.95;0.87;0.17;0.38;
Rodrigo Mendoza;esï¿½ESP;MF,FW;Elche;20;2005;16;6;794;8.8;1;0;1;1;0;0;4;0;0.11;1.25;0.42;33.3;1.24;0.41;0.00;0.00;20000000.0
Rodrigo Mendoza;esï¿½ESP;MF;Atlï¿½tico Madrid;20;2005;8;8;434;4.8;0;1;1;0;0;0;2;0;0.21;1.25;0.23;18.2;1.25;0.23;0.09;0.50;20000000.0
Batista Mendy;frï¿½FRA;MF;Sevilla;25;2000;27;19;1,617;18.0;1;0;1;1;0;0;6;0;0.06;0.94;0.28;29.4;0.95;0.28;0.06;0.20;7500000.0
Ferland Mendy;frï¿½FRA;DF;Real Madrid;30;1995;5;3;207;2.3;0;0;0;0;0;0;0;0;0.00;0.00;0.00;;0.00;0.00;;;4000000.0
Nobel Mendy;snï¿½SEN;DF;Rayo Vallecano;20;2004;24;22;1,797;20.0;2;0;2;2;0;0;9;2;0.10;0.55;0.15;27.3;0.55;0.15;0.18;0.67;7500000.0
Alejandro Mestanza;esï¿½ESP;MF;Getafe;20;2004;3;1;71;0.8;0;0;0;0;0;0;0;0;0.00;1.25;0.00;0.0;1.27;0.00;0.00;;200000.0
Georges Mikautadze;geï¿½GEO;FW;Villarreal;24;2000;32;23;2,109;23.4;13;6;19;13;0;0;1;0;0.81;2.78;1.37;49.2;2.77;1.37;0.20;0.41;30000000.0
ï¿½der Militï¿½o;brï¿½BRA;DF;Real Madrid;27;1998;16;14;1,139;12.7;2;1;3;2;0;0;2;0;0.24;1.65;0.71;42.9;1.66;0.71;0.10;0.22;
Luis Milla;esï¿½ESP;MF;Getafe;30;1994;37;37;3,271;36.3;1;10;11;1;0;0;5;1;0.30;0.74;0.11;14.8;0.74;0.11;0.04;0.25;3500000.0
Pere Milla;esï¿½ESP;MF,FW;Espanyol;32;1992;33;24;1,973;21.9;7;1;8;7;0;0;6;1;0.36;2.69;0.96;35.6;2.69;0.96;0.12;0.33;1000000.0
ï¿½scar Mingueza;esï¿½ESP;MF;Celta Vigo;26;1999;34;21;1,968;21.9;1;4;5;1;0;0;4;0;0.23;0.64;0.23;35.7;0.64;0.23;0.07;0.20;18000000.0
Bojan Miovski;mkï¿½MKD;FW;Girona;26;1999;1;1;44;0.5;0;0;0;0;0;0;0;0;0.00;0.00;0.00;;0.00;0.00;;;2500000.0
Rafa Mir;esï¿½ESP;FW,MF;Elche;28;1997;27;21;1,803;20.0;8;0;8;7;1;2;4;0;0.35;3.45;1.80;52.2;3.44;1.80;0.12;0.22;4000000.0
Johan Mojica;coï¿½COL;DF;Mallorca;32;1992;35;30;2,724;30.3;0;4;4;0;0;0;6;1;0.13;0.56;0.07;11.8;0.56;0.07;0.00;0.00;1500000.0
Hora?iu Moldovan;roï¿½ROU;GK;Oviedo;27;1998;2;2;180;2.0;0;0;0;0;0;0;0;0;0.00;0.00;0.00;;0.00;0.00;;;1800000.0
Alberto Moleiro;esï¿½ESP;MF;Villarreal;21;2003;37;30;2,478;27.5;10;5;15;10;0;0;4;0;0.54;1.67;0.73;43.5;1.67;0.73;0.22;0.50;50000000.0
Nahuel Molina;arï¿½ARG;DF,MF;Atlï¿½tico Madrid;27;1998;26;13;1,331;14.8;2;2;4;2;0;0;4;0;0.27;0.95;0.27;28.6;0.95;0.27;0.14;0.50;15000000.0
Jon Moncayola;esï¿½ESP;MF;Osasuna;27;1998;36;35;3,016;33.5;0;4;4;0;0;0;9;0;0.12;0.69;0.15;21.7;0.69;0.15;0.00;0.00;7000000.0
Jano Monserrate;esï¿½ESP;MF;Atlï¿½tico Madrid;19;2006;2;0;23;0.3;0;0;0;0;0;0;0;0;0.00;3.33;3.33;100.0;3.91;3.91;0.00;0.00;
Jorge Montes;esï¿½ESP;DF;Getafe;21;2004;1;0;27;0.3;0;0;0;0;0;0;0;0;0.00;0.00;0.00;;0.00;0.00;;;
Diego Morcillo;esï¿½ESP;FW;Alavï¿½s;22;2003;1;0;10;0.1;0;0;0;0;0;0;0;0;0.00;10.0;0.00;0.0;9.00;0.00;0.00;;
Javi Morcillo;esï¿½ESP;MF;Atlï¿½tico Madrid;19;2006;5;1;172;1.9;0;0;0;0;0;0;2;0;0.00;1.05;0.00;0.0;1.05;0.00;0.00;;
ï¿½lex Moreno;esï¿½ESP;DF;Girona;32;1993;31;28;2,559;28.4;0;3;3;0;0;0;5;0;0.11;0.60;0.18;29.4;0.60;0.18;0.00;0.00;
Gerard Moreno;esï¿½ESP;FW;Villarreal;33;1992;22;16;1,343;14.9;10;0;10;7;3;3;0;0;0.47;2.62;1.07;41.0;2.61;1.07;0.26;0.63;2500000.0
Matias Moreno;arï¿½ARG;DF;Levante;21;2003;28;27;2,252;25.0;0;0;0;0;0;0;8;0;0.00;0.40;0.00;0.0;0.40;0.00;0.00;;6000000.0
Tete Morente;esï¿½ESP;MF;Elche;28;1996;13;11;929;10.3;1;1;2;1;0;0;1;0;0.19;0.78;0.10;12.5;0.78;0.10;0.13;1.00;1800000.0
Mateu Morey;esï¿½ESP;DF,MF;Mallorca;25;2000;18;9;704;7.8;1;0;1;1;0;0;2;0;0.13;0.51;0.26;50.0;0.51;0.26;0.25;0.50;1400000.0
Ilaix Moriba;gnï¿½GUI;MF;Celta Vigo;22;2003;36;26;2,495;27.7;2;3;5;2;0;0;8;0;0.18;0.65;0.18;27.8;0.65;0.18;0.11;0.40;15000000.0
Manu Morlanes;esï¿½ESP;MF;Mallorca;26;1999;32;22;1,765;19.6;3;0;3;3;0;0;5;1;0.15;0.66;0.20;30.8;0.66;0.20;0.23;0.75;2400000.0
Raï¿½l Moro;esï¿½ESP;MF;Osasuna;22;2002;14;7;625;6.9;0;2;2;0;0;0;0;0;0.29;0.87;0.00;0.0;0.86;0.00;0.00;;
Santiago Mouriï¿½o;uyï¿½URU;DF;Villarreal;23;2002;28;27;2,377;26.4;1;2;3;1;0;0;11;1;0.11;0.57;0.11;20.0;0.57;0.11;0.07;0.33;20000000.0
Abdul Mumin;ghï¿½GHA;DF;Rayo Vallecano;27;1998;3;1;79;0.9;0;0;0;0;0;0;0;0;0.00;0.00;0.00;;0.00;0.00;;;3000000.0
Aihen Muï¿½oz;esï¿½ESP;DF;Real Sociedad;27;1997;21;9;848;9.4;1;0;1;1;0;0;1;0;0.11;0.64;0.21;33.3;0.64;0.21;0.17;0.50;
Iker Muï¿½oz;esï¿½ESP;MF;Osasuna;22;2002;19;8;952;10.6;0;0;0;0;0;0;5;0;0.00;0.85;0.38;44.4;0.85;0.38;0.00;0.00;
Javier Muï¿½oz;esï¿½ESP;MF,FW;Getafe;30;1995;17;4;551;6.1;0;0;0;0;0;0;0;0;0.00;2.13;0.98;46.2;2.12;0.98;0.00;0.00;
Vï¿½ctor Muï¿½oz;esï¿½ESP;MF,FW;Osasuna;22;2003;34;31;2,656;29.5;6;2;8;6;0;0;3;0;0.27;2.75;1.05;38.3;2.74;1.05;0.07;0.19;
Vedat Muriqi;xkï¿½KVX;FW;Mallorca;31;1994;37;36;3,128;34.8;23;1;24;18;5;7;4;1;0.55;3.28;1.44;43.9;3.28;1.44;0.20;0.46;4500000.0
Juan Musso;arï¿½ARG;GK;Atlï¿½tico Madrid;31;1994;8;8;720;8.0;0;0;0;0;0;0;2;0;0.00;0.00;0.00;;0.00;0.00;;;3000000.0
Natan;brï¿½BRA;DF;Real Betis;24;2001;33;32;2,807;31.2;0;0;0;0;0;0;8;0;0.00;0.32;0.03;10.0;0.32;0.03;0.00;0.00;25000000.0
Pau Navarro;esï¿½ESP;DF;Villarreal;20;2005;23;23;1,921;21.3;0;0;0;0;0;0;4;0;0.00;0.09;0.09;100.0;0.09;0.09;0.00;0.00;15000000.0
Roberto Navarro;esï¿½ESP;MF;Athletic Club;23;2002;32;10;1,307;14.5;6;1;7;6;0;0;1;0;0.48;1.45;0.69;47.6;1.45;0.69;0.29;0.60;6000000.0
Martim Neto;ptï¿½POR;MF;Elche;22;2003;25;15;1,347;15.0;2;5;7;2;0;0;3;0;0.47;0.80;0.27;33.3;0.80;0.27;0.17;0.50;4000000.0
Yvan Neyou;cmï¿½CMR;MF;Getafe;28;1997;5;0;67;0.7;0;0;0;0;0;0;2;0;0.00;0.00;0.00;;0.00;0.00;;;2000000.0
Cyril Ngonge;beï¿½BEL;MF;Espanyol;25;2000;9;6;424;4.7;0;2;2;0;0;0;4;0;0.42;2.34;0.85;36.4;2.33;0.85;0.00;0.00;7000000.0
Tanguy Nianzou;frï¿½FRA;DF;Sevilla;23;2002;12;8;655;7.3;0;0;0;0;0;0;5;1;0.00;1.23;0.00;0.0;1.24;0.00;0.00;;1200000.0
Randy Nteka;aoï¿½ANG;FW;Rayo Vallecano;27;1997;13;3;374;4.2;3;0;3;3;0;1;3;0;0.72;3.10;1.43;46.2;3.13;1.44;0.23;0.50;1000000.0
ï¿½lvaro Nï¿½ï¿½ez;esï¿½ESP;DF,MF;Celta Vigo;25;2000;6;5;328;3.6;0;0;0;0;0;0;0;0;0.00;0.22;0.00;0.0;0.22;0.00;0.00;;
ï¿½lvaro Nï¿½ï¿½ez;esï¿½ESP;DF,MF;Elche;25;2000;19;19;1,647;18.3;0;2;2;0;0;0;2;0;0.11;0.56;0.28;50.0;0.55;0.27;0.00;0.00;
Unai Nï¿½ï¿½ez;esï¿½ESP;DF;Valencia;28;1997;13;10;911;10.1;0;0;0;0;0;0;3;0;0.00;0.89;0.10;11.1;0.89;0.10;0.00;0.00;
ï¿½rjan Nyland;noï¿½NOR;GK;Sevilla;34;1990;5;5;450;5.0;0;0;0;0;0;0;1;0;0.00;0.00;0.00;;0.00;0.00;;;
Allan Nyom;cmï¿½CMR;DF;Getafe;37;1988;15;7;523;5.8;0;1;1;0;0;0;6;1;0.17;0.52;0.17;33.3;0.52;0.17;0.00;0.00;100000.0
Jan Oblak;siï¿½SVN;GK;Atlï¿½tico Madrid;32;1993;30;30;2,7;30.0;0;0;0;0;0;0;0;0;0.00;0.00;0.00;;0.00;0.00;;;15000000.0
Job Ochieng';keï¿½KEN;MF;Real Sociedad;22;2003;2;1;93;1.0;0;0;0;0;0;0;0;0;0.00;1.00;0.00;0.0;0.97;0.00;0.00;;
ï¿½lvaro Odriozola;esï¿½ESP;DF;Real Sociedad;29;1995;5;2;201;2.2;1;0;1;1;0;0;0;0;0.45;0.45;0.45;100.0;0.45;0.45;1.00;1.00;800000.0
Javier Olaizola;esï¿½ESP;DF;Mallorca;18;2007;2;0;51;0.6;0;0;0;0;0;0;0;0;0.00;0.00;0.00;;0.00;0.00;;;
Olasagasti;esï¿½ESP;MF;Levante;24;2000;33;18;1,734;19.3;1;5;6;1;0;0;2;1;0.31;1.45;0.47;32.1;1.45;0.47;0.04;0.11;
Dani Olmo;esï¿½ESP;MF;Barcelona;27;1998;33;24;2,067;23.0;7;8;15;7;0;0;1;0;0.65;3.04;0.91;30.0;3.05;0.91;0.10;0.33;60000000.0
Tani Oluwaseyi;caï¿½CAN;FW;Villarreal;25;2000;27;9;901;10.0;2;2;4;2;0;0;1;0;0.40;1.60;0.70;43.8;1.60;0.70;0.13;0.29;7000000.0
Luis Orejuela;;DF;Mallorca;;;1;1;90;1.0;0;0;0;0;0;0;0;0;0.00;1.00;0.00;0.0;1.00;0.00;0.00;;300000.0
Aimar Oroz;esï¿½ESP;MF,FW;Osasuna;23;2001;31;26;2,139;23.8;0;2;2;0;0;0;6;0;0.08;1.22;0.17;13.8;1.22;0.17;0.00;0.00;7500000.0
ï¿½ngel Ortï¿½z;esï¿½ESP;DF;Real Betis;21;2004;13;7;584;6.5;0;0;0;0;0;0;1;0;0.00;0.15;0.00;0.0;0.15;0.00;0.00;;
Asier Osambela;esï¿½ESP;DF;Osasuna;21;2004;17;2;343;3.8;1;0;1;1;0;0;1;1;0.26;1.58;0.79;50.0;1.57;0.79;0.17;0.33;1000000.0
Azzedine Ounahi;maï¿½MAR;MF;Girona;25;2000;24;20;1,76;19.6;5;2;7;4;1;1;6;0;0.31;2.60;0.97;37.3;2.61;0.97;0.10;0.26;10000000.0
Mikel Oyarzabal;esï¿½ESP;FW;Real Sociedad;28;1997;34;30;2,71;30.1;15;4;19;8;7;7;3;0;0.40;2.62;1.20;45.6;2.62;1.20;0.19;0.42;25000000.0
Jon Pacheco;esï¿½ESP;DF;Alavï¿½s;24;2001;22;20;1,735;19.3;0;0;0;0;0;0;5;1;0.00;0.21;0.05;25.0;0.21;0.05;0.00;0.00;5000000.0
Alex Padilla;esï¿½ESP;GK;Athletic Club;21;2003;1;1;90;1.0;0;0;0;0;0;0;0;1;0.00;0.00;0.00;;0.00;0.00;;;
Cï¿½sar Palacios;esï¿½ESP;MF;Real Madrid;20;2004;5;0;86;1.0;0;0;0;0;0;0;0;0;0.00;2.00;0.00;0.0;2.09;0.00;0.00;;7500000.0
Isaac Palazï¿½n Camacho;esï¿½ESP;MF,FW;Rayo Vallecano;30;1994;31;27;2,248;25.0;3;3;6;1;2;3;10;1;0.16;2.08;0.60;28.8;2.08;0.60;0.06;0.20;
Diego Pampï¿½n;esï¿½ESP;DF;Levante;25;2000;8;6;534;5.9;0;0;0;0;0;0;3;0;0.00;0.51;0.00;0.0;0.51;0.00;0.00;;
Victor Parada;esï¿½ESP;DF;Alavï¿½s;23;2002;30;25;2,146;23.8;0;3;3;0;0;0;9;1;0.13;0.50;0.13;25.0;0.50;0.13;0.00;0.00;4000000.0
Aitor Paredes;esï¿½ESP;DF;Athletic Club;25;2000;19;18;1,63;18.1;2;0;2;2;0;0;4;0;0.11;0.72;0.22;30.8;0.72;0.22;0.15;0.50;7500000.0
Daniel Parejo;esï¿½ESP;MF;Villarreal;36;1989;32;16;1,392;15.5;1;0;1;0;1;1;3;0;0.00;0.19;0.06;33.3;0.19;0.06;0.33;1.00;1000000.0
Thomas Partey;ghï¿½GHA;MF;Villarreal;32;1993;25;8;934;10.4;0;0;0;0;0;0;1;0;0.00;1.06;0.19;18.2;1.06;0.19;0.00;0.00;2000000.0
Alfonso Pedraza;esï¿½ESP;DF;Villarreal;29;1996;27;19;1,689;18.8;1;3;4;1;0;0;8;0;0.21;0.59;0.16;27.3;0.59;0.16;0.09;0.33;2500000.0
Pedri;esï¿½ESP;MF;Barcelona;22;2002;29;23;2,104;23.4;2;9;11;2;0;0;2;1;0.47;0.90;0.43;47.6;0.90;0.43;0.10;0.20;150000000.0
Adriï¿½ Pedrosa;esï¿½ESP;DF,MF;Elche;27;1998;26;8;1,09;12.1;1;1;2;1;0;0;4;0;0.17;0.00;0.00;;0.00;0.00;;;2800000.0
Adriï¿½ Pedrosa;esï¿½ESP;DF,MF;Sevilla;27;1998;1;0;6;0.1;0;0;0;0;0;0;0;0;0.00;0.99;0.25;25.0;0.99;0.25;0.08;0.33;2800000.0
Iï¿½aki Peï¿½a;esï¿½ESP;GK;Elche;26;1999;16;16;1,44;16.0;0;0;0;0;0;0;0;0;0.00;0.00;0.00;;0.00;0.00;;;
Nicolas Pï¿½pï¿½;ciï¿½CIV;MF,FW;Villarreal;30;1995;36;26;2,393;26.6;8;8;16;7;1;1;4;0;0.56;2.37;0.94;39.7;2.37;0.94;0.13;0.32;
Peque;esï¿½ESP;MF,FW;Sevilla;22;2002;26;12;982;10.9;2;1;3;2;0;0;7;0;0.27;1.38;0.55;40.0;1.37;0.55;0.13;0.33;
ï¿½ngel Pï¿½rez;esï¿½ESP;MF,DF;Alavï¿½s;22;2002;16;14;1,288;14.3;1;3;4;1;0;0;4;0;0.28;0.98;0.28;28.6;0.98;0.28;0.07;0.25;
Ayoze Pï¿½rez;esï¿½ESP;FW;Villarreal;32;1993;25;12;1,124;12.5;5;4;9;4;1;1;4;0;0.64;1.92;0.88;45.8;1.92;0.88;0.21;0.45;
Francisco Perez;esï¿½ESP;MF,FW;Rayo Vallecano;22;2002;29;12;1,237;13.7;2;1;3;2;0;0;4;0;0.22;1.24;0.58;47.1;1.24;0.58;0.12;0.25;1000000.0
Joselu Pï¿½rez;esï¿½ESP;DF;Getafe;21;2004;2;0;22;0.2;0;0;0;0;0;0;0;0;0.00;5.00;0.00;0.0;4.09;0.00;0.00;;
Nacho Pï¿½rez;esï¿½ESP;DF;Levante;16;2008;3;1;148;1.6;0;0;0;0;0;0;1;0;0.00;0.00;0.00;;0.00;0.00;;;
Lï¿½o Pï¿½trot;frï¿½FRA;DF;Elche;28;1997;32;18;1,572;17.5;0;0;0;0;0;0;2;1;0.00;0.46;0.00;0.0;0.46;0.00;0.00;;
Charles Pickel;cdï¿½COD;MF;Espanyol;28;1997;24;4;707;7.9;1;0;1;1;0;0;4;2;0.13;1.27;0.51;40.0;1.27;0.51;0.10;0.25;2500000.0
Thiago Pinar;esï¿½ESP;MF;Real Madrid;17;2007;10;8;592;6.6;0;2;2;0;0;0;2;0;0.30;0.91;0.30;33.3;0.91;0.30;0.00;0.00;
Lander Pinillos;esï¿½ESP;MF;Alavï¿½s;21;2003;1;0;2;0.0;0;0;0;0;0;0;0;0;0.00;0;0;;0.00;0.00;;;
Yï¿½remy Pino;esï¿½ESP;MF;Villarreal;22;2002;2;2;159;1.8;0;1;1;0;0;0;0;0;0.57;1.11;0.56;50.0;1.13;0.57;0.00;0.00;
Portu;esï¿½ESP;FW,MF;Girona;33;1992;10;4;474;5.3;0;0;0;0;0;0;2;0;0.00;1.70;0.94;55.6;1.71;0.95;0.00;0.00;1200000.0
Beï¿½at Prados;esï¿½ESP;MF;Athletic Club;24;2001;2;1;85;0.9;0;0;0;0;0;0;1;0;0.00;1.11;0.00;0.0;1.06;0.00;0.00;;
Abdï¿½n Prats;esï¿½ESP;FW;Mallorca;32;1992;15;0;143;1.6;0;0;0;0;0;0;0;0;0.00;3.13;1.25;40.0;3.15;1.26;0.00;0.00;
Javi Puado;esï¿½ESP;MF,FW;Espanyol;27;1998;10;8;674;7.5;2;0;2;1;1;2;2;0;0.13;2.00;1.20;60.0;2.00;1.20;0.13;0.22;7500000.0
Marc Pubill;esï¿½ESP;DF;Atlï¿½tico Madrid;22;2003;19;15;1,381;15.3;1;1;2;1;0;0;2;0;0.13;0.72;0.26;36.4;0.72;0.26;0.09;0.25;35000000.0
Aleksa Puric;rsï¿½SRB;DF;Atlï¿½tico Madrid;22;2003;2;0;46;0.5;0;0;0;0;0;0;0;0;0.00;0.00;0.00;;0.00;0.00;;;
Dani Raba;esï¿½ESP;FW;Valencia;29;1995;13;3;270;3.0;0;1;1;0;0;0;0;0;0.33;3.00;0.33;11.1;3.00;0.33;0.00;0.00;1200000.0
Ionu? Radu;roï¿½ROU;GK;Celta Vigo;28;1997;38;38;3,42;38.0;0;0;0;0;0;0;2;0;0.00;0.00;0.00;;0.00;0.00;;;9000000.0
Ugo Raghouber;frï¿½FRA;MF;Levante;22;2003;16;8;706;7.8;0;0;0;0;0;0;1;0;0.00;0.38;0.00;0.0;0.38;0.00;0.00;;3000000.0
Antonio Raillo;esï¿½ESP;DF;Mallorca;33;1991;24;23;2,07;23.0;0;1;1;0;0;0;4;0;0.04;0.52;0.04;8.3;0.52;0.04;0.00;0.00;1000000.0
Largie Ramazani;beï¿½BEL;MF,FW;Valencia;24;2001;27;11;1,234;13.7;6;1;7;3;3;3;4;0;0.29;3.72;1.39;37.3;3.72;1.39;0.12;0.32;8000000.0
Raphinha;brï¿½BRA;MF,FW;Barcelona;28;1996;22;18;1,38;15.3;13;3;16;10;3;3;5;0;0.85;4.25;1.57;36.9;4.24;1.57;0.20;0.54;70000000.0
Marcus Rashford;engï¿½ENG;MF,FW;Barcelona;27;1997;32;18;1,763;19.6;8;7;15;8;0;0;3;0;0.77;3.88;1.48;38.2;3.88;1.48;0.11;0.28;40000000.0
Giacomo Raspadori;itï¿½ITA;FW;Atlï¿½tico Madrid;25;2000;12;1;236;2.6;0;1;1;0;0;0;1;0;0.38;2.69;1.15;42.9;2.67;1.14;0.00;0.00;22000000.0
Andrei Ratiu;roï¿½ROU;DF;Rayo Vallecano;27;1998;35;31;2,807;31.2;0;4;4;0;0;0;9;0;0.13;0.99;0.29;29.0;0.99;0.29;0.00;0.00;18000000.0
Raï¿½l;esï¿½ESP;FW;Osasuna;24;2000;36;6;1,041;11.6;7;1;8;7;0;0;2;1;0.69;3.36;1.98;59.0;3.37;1.99;0.18;0.30;
Abde Rebbach;dzï¿½ALG;MF,DF;Alavï¿½s;26;1998;30;15;1,496;16.6;1;4;5;1;0;0;8;0;0.30;2.05;0.72;35.3;2.05;0.72;0.03;0.08;2500000.0
Federico Redondo;arï¿½ARG;MF;Elche;22;2003;11;1;179;2.0;0;0;0;0;0;0;0;1;0.00;0.50;0.00;0.0;0.50;0.00;0.00;;2500000.0
Alejandro Rego;esï¿½ESP;MF;Athletic Club;22;2003;29;11;1,279;14.2;1;1;2;1;0;0;6;0;0.14;0.85;0.21;25.0;0.84;0.21;0.08;0.33;5000000.0
Alberto Reina;esï¿½ESP;MF;Oviedo;27;1997;37;31;2,462;27.4;4;1;5;4;0;0;6;1;0.18;0.88;0.40;45.8;0.88;0.40;0.17;0.36;2000000.0
Vitor Reis;brï¿½BRA;DF;Girona;19;2006;36;35;3,138;34.9;1;1;2;1;0;0;9;1;0.06;0.54;0.11;21.1;0.54;0.11;0.05;0.25;30000000.0
ï¿½lex Remiro;esï¿½ESP;GK;Real Sociedad;30;1995;37;37;3,33;37.0;0;0;0;0;0;0;1;0;0.00;0.00;0.00;;0.00;0.00;;;
Oriol Rey;esï¿½ESP;MF;Levante;27;1998;20;14;1,319;14.7;0;1;1;0;0;0;4;0;0.07;0.54;0.07;12.5;0.55;0.07;0.00;0.00;1800000.0
Diego Rico;esï¿½ESP;DF;Getafe;32;1993;28;18;1,758;19.5;0;0;0;0;0;0;4;0;0.00;0.56;0.05;9.1;0.56;0.05;0.00;0.00;1000000.0
Clemens Riedel;deï¿½GER;DF;Espanyol;22;2003;20;16;1,396;15.5;0;1;1;0;0;0;5;0;0.06;0.19;0.06;33.3;0.19;0.06;0.00;0.00;4000000.0
Hugo Rincï¿½n;esï¿½ESP;DF;Girona;22;2003;33;16;1,75;19.4;1;1;2;1;0;0;4;0;0.10;0.36;0.10;28.6;0.36;0.10;0.14;0.50;
Luis Rioja;esï¿½ESP;MF;Valencia;31;1993;37;31;2,624;29.2;3;6;9;3;0;0;1;0;0.31;1.51;0.17;11.4;1.51;0.17;0.07;0.60;1800000.0
Rodrigo Riquelme;esï¿½ESP;MF;Real Betis;25;2000;25;7;821;9.1;1;1;2;1;0;0;2;0;0.22;2.64;0.77;29.2;2.63;0.77;0.04;0.14;4000000.0
Mihailo Risti?;rsï¿½SRB;MF,DF;Celta Vigo;29;1995;5;4;253;2.8;0;0;0;0;0;0;0;0;0.00;0.36;0.00;0.0;0.36;0.00;0.00;;800000.0
Joel Roca;esï¿½ESP;MF,FW;Girona;20;2005;32;16;1,473;16.4;3;1;4;3;0;0;4;1;0.24;2.93;0.98;33.3;2.93;0.98;0.06;0.19;6000000.0
Marc Roca;esï¿½ESP;MF;Real Betis;28;1996;29;23;2,026;22.5;1;1;2;1;0;0;1;0;0.09;0.76;0.31;41.2;0.76;0.31;0.06;0.14;4000000.0
ï¿½lvaro Rodrï¿½guez;uyï¿½URU;FW;Elche;21;2004;34;24;2,201;24.5;7;5;12;7;0;0;2;0;0.49;3.06;0.98;32.0;3.07;0.98;0.09;0.29;
Damiï¿½n Rodrï¿½guez;esï¿½ESP;MF;Celta Vigo;22;2003;2;2;150;1.7;0;0;0;0;0;0;1;0;0.00;1.76;0.00;0.0;1.80;0.00;0.00;;
Dani Rodrï¿½guez;esï¿½ESP;FW,MF;Mallorca;37;1988;2;0;68;0.8;0;0;0;0;0;0;0;0;0.00;1.25;0.00;0.0;1.32;0.00;0.00;;100000.0
Guido Rodrï¿½guez;arï¿½ARG;MF;Valencia;31;1994;16;14;1,309;14.5;4;0;4;4;0;0;4;0;0.28;1.03;0.34;33.3;1.03;0.34;0.27;0.80;4000000.0
Javi Rodrï¿½guez;esï¿½ESP;DF;Celta Vigo;22;2003;33;28;2,558;28.4;0;1;1;0;0;0;5;0;0.04;0.42;0.04;8.3;0.42;0.04;0.00;0.00;18000000.0
Ricardo Rodrï¿½guez;chï¿½SUI;DF;Real Betis;32;1992;23;18;1,547;17.2;0;1;1;0;0;0;0;0;0.06;0.17;0.00;0.0;0.17;0.00;0.00;;1400000.0
Ricardo Rodrï¿½guez;chï¿½SUI;DF;Real Betis;32;1992;23;18;1,547;17.2;0;1;1;0;0;0;0;0;0.06;0.17;0.00;0.0;0.17;0.00;0.00;;1000000.0
Rodrygo;brï¿½BRA;MF,FW;Real Madrid;24;2001;19;6;684;7.6;1;3;4;1;0;0;3;0;0.53;3.55;1.45;40.7;3.55;1.45;0.04;0.09;45000000.0
Leo Romï¿½n;esï¿½ESP;GK;Mallorca;25;2000;33;33;2,97;33.0;0;0;0;0;0;0;4;0;0.00;0.00;0.00;;0.00;0.00;;;
Miguel Romï¿½n;esï¿½ESP;MF;Celta Vigo;22;2002;19;14;1,311;14.6;1;0;1;1;0;0;3;0;0.07;0.62;0.14;22.2;0.62;0.14;0.11;0.50;
Carlos Romero;esï¿½ESP;DF;Espanyol;23;2001;36;36;3,191;35.5;6;3;9;6;0;0;4;0;0.25;1.18;0.34;28.6;1.18;0.34;0.14;0.50;25000000.0
Isaac Romero;esï¿½ESP;FW,MF;Sevilla;25;2000;29;18;1,484;16.5;4;0;4;4;0;1;6;1;0.24;2.48;0.85;34.1;2.49;0.85;0.10;0.29;5000000.0
Ivï¿½n Romero;esï¿½ESP;FW,MF;Levante;24;2001;32;28;2,259;25.1;7;1;8;7;0;1;5;0;0.32;2.35;0.72;30.5;2.35;0.72;0.12;0.39;
Zaid Romero;arï¿½ARG;DF;Getafe;25;1999;15;15;1,349;15.0;1;0;1;1;0;0;5;1;0.07;0.67;0.13;20.0;0.67;0.13;0.10;0.50;2500000.0
Salomï¿½n Rondï¿½n;veï¿½VEN;FW;Oviedo;35;1989;16;13;1,032;11.5;2;0;2;2;0;1;2;0;0.17;2.09;0.43;20.8;2.09;0.44;0.08;0.40;
Valentin Rosier;frï¿½FRA;DF,MF;Osasuna;28;1996;31;30;2,547;28.3;1;1;2;1;0;0;6;1;0.07;0.67;0.11;15.8;0.67;0.11;0.05;0.33;3000000.0
Rubï¿½n;esï¿½ESP;DF,MF;Espanyol;24;2001;21;8;812;9.0;0;1;1;0;0;0;2;0;0.11;0.89;0.11;12.5;0.89;0.11;0.00;0.00;
Antonio Rï¿½diger;deï¿½GER;DF;Real Madrid;32;1993;18;16;1,49;16.6;1;0;1;1;0;0;0;0;0.06;0.78;0.06;7.7;0.79;0.06;0.08;1.00;6000000.0
Javi Rueda;esï¿½ESP;MF;Celta Vigo;23;2002;26;16;1,404;15.6;2;6;8;2;0;0;6;0;0.51;0.71;0.19;27.3;0.71;0.19;0.18;0.67;6000000.0
Matteo Ruggeri;itï¿½ITA;DF;Atlï¿½tico Madrid;23;2002;26;20;1,774;19.7;0;3;3;0;0;0;4;0;0.15;0.25;0.10;40.0;0.25;0.10;0.00;0.00;28000000.0
Aitor Ruibal;esï¿½ESP;DF,MF;Real Betis;29;1996;27;20;1,808;20.1;4;2;6;4;0;0;6;1;0.30;1.54;0.60;38.7;1.54;0.60;0.13;0.33;4000000.0
Abel Ruiz;esï¿½ESP;FW;Girona;25;2000;9;0;187;2.1;0;0;0;0;0;0;0;0;0.00;2.38;0.48;20.0;2.41;0.48;0.00;0.00;2000000.0
Iï¿½aki Rupï¿½rez;esï¿½ESP;DF;Real Sociedad;22;2003;1;0;1;0.0;0;0;0;0;0;0;0;0;0.00;0;0;;0.00;0.00;;;
Mathew Ryan;auï¿½AUS;GK;Levante;33;1992;36;36;3,24;36.0;0;0;0;0;0;0;4;0;0.00;0.06;0.00;0.0;0.06;0.00;0.00;;1800000.0
Umar Sadiq;ngï¿½NGA;FW;Real Sociedad;28;1997;5;2;153;1.7;0;0;0;0;0;0;1;0;0.00;2.48;0.99;40.0;2.47;0.99;0.16;0.40;4000000.0
Umar Sadiq;ngï¿½NGA;FW;Valencia;28;1997;20;8;911;10.1;4;2;6;4;0;0;3;0;0.59;2.35;0.00;0.0;2.35;0.00;0.00;;4000000.0
Jan Salas;esï¿½ESP;MF;Mallorca;19;2005;2;0;17;0.2;0;0;0;0;0;0;0;0;0.00;0.00;0.00;;0.00;0.00;;;500000.0
Kike Salas;esï¿½ESP;DF;Sevilla;23;2002;26;24;2,203;24.5;2;0;2;2;0;0;1;0;0.08;0.78;0.33;42.1;0.78;0.33;0.11;0.25;14000000.0
Josï¿½ Salinas;esï¿½ESP;DF;Espanyol;24;2000;11;2;257;2.9;0;0;0;0;0;0;2;0;0.00;0.34;0.00;0.0;0.35;0.00;0.00;;
Oihan Sancet;esï¿½ESP;MF;Athletic Club;25;2000;28;22;1,788;19.9;4;0;4;2;2;2;4;1;0.10;2.41;0.75;31.3;2.42;0.76;0.08;0.27;25000000.0
ï¿½lex Sï¿½nchez;esï¿½ESP;FW;Elche;19;2006;1;0;6;0.1;0;1;1;0;0;0;0;0;15.00;0.00;0.00;;0.00;0.00;;;
Alexis Sï¿½nchez;clï¿½CHI;FW,MF;Sevilla;36;1988;28;11;1,308;14.5;4;2;6;3;1;1;3;0;0.34;1.72;0.62;36.0;1.72;0.62;0.16;0.44;1200000.0
Antonio Sï¿½nchez;esï¿½ESP;MF,DF;Mallorca;28;1997;30;9;1,073;11.9;0;0;0;0;0;0;5;1;0.00;0.50;0.25;50.0;0.50;0.25;0.00;0.00;2000000.0
Antonio Sï¿½nchez;esï¿½ESP;MF,DF;Mallorca;28;1997;30;9;1,073;11.9;0;0;0;0;0;0;5;1;0.00;0.50;0.25;50.0;0.50;0.25;0.00;0.00;400000.0
Juanlu Sï¿½nchez;esï¿½ESP;MF,DF;Sevilla;21;2003;32;23;1,99;22.1;0;3;3;0;0;0;6;1;0.14;0.63;0.05;7.1;0.63;0.05;0.00;0.00;10000000.0
Borja Sï¿½nchez Laborde;esï¿½ESP;MF;Oviedo;29;1996;1;0;14;0.2;0;0;0;0;0;0;0;0;0.00;0.00;0.00;;0.00;0.00;;;
Manu Sï¿½nchez;esï¿½ESP;DF;Levante;24;2000;33;31;2,814;31.3;1;2;3;1;0;0;8;0;0.10;0.42;0.13;30.8;0.42;0.13;0.08;0.25;
Selton Sï¿½nchez;esï¿½ESP;MF;Athletic Club;18;2007;7;2;196;2.2;0;1;1;0;0;0;0;0;0.46;1.82;0.45;25.0;1.84;0.46;0.00;0.00;2800000.0
ï¿½lex Sancris;esï¿½ESP;MF,FW;Getafe;28;1997;18;5;708;7.9;0;1;1;0;0;0;4;1;0.13;1.65;0.63;38.5;1.65;0.64;0.00;0.00;
Buba Sangarï¿½;esï¿½ESP;DF,MF;Elche;17;2007;12;8;538;6.0;0;0;0;0;0;0;3;0;0.00;0.33;0.00;0.0;0.33;0.00;0.00;;
Maroan Sannadi;maï¿½MAR;FW;Athletic Club;24;2001;10;2;288;3.2;1;0;1;1;0;0;2;0;0.31;2.50;1.25;50.0;2.50;1.25;0.13;0.25;3000000.0
Baptiste Santamaria;frï¿½FRA;MF;Valencia;30;1995;19;7;754;8.4;1;1;2;1;0;0;2;0;0.24;0.71;0.24;33.3;0.72;0.24;0.17;0.50;2500000.0
Yago Santiago;esï¿½ESP;MF;Elche;22;2003;9;3;281;3.1;0;0;0;0;0;0;1;0;0.00;0.65;0.00;0.0;0.64;0.00;0.00;;1000000.0
Renzo Saravia;arï¿½ARG;DF;Valencia;32;1993;5;4;351;3.9;0;0;0;0;0;0;2;0;0.00;0.26;0.00;0.0;0.26;0.00;0.00;;1400000.0
Martin Satriano;uyï¿½URU;FW,MF;Getafe;24;2001;18;18;1,603;17.8;6;1;7;6;0;0;5;0;0.39;1.97;0.79;40.0;1.97;0.79;0.17;0.43;10000000.0
Taufik Seidu;esï¿½ESP;MF;Atlï¿½tico Madrid;17;2008;1;0;23;0.3;0;0;0;0;0;0;1;0;0.00;0.00;0.00;;0.00;0.00;;;
Manuel Serrano;esï¿½ESP;DF;Real Madrid;21;2004;1;0;7;0.1;0;0;0;0;0;0;0;0;0.00;0.00;0.00;;0.00;0.00;;;
Nicolï¿½s Serrano;esï¿½ESP;MF;Athletic Club;22;2003;16;4;366;4.1;1;0;1;1;0;0;0;0;0.25;3.90;0.98;25.0;3.93;0.98;0.06;0.25;
Kwasi Sibo;ghï¿½GHA;MF;Oviedo;27;1998;26;21;1,681;18.7;0;0;0;0;0;0;3;1;0.00;0.48;0.11;22.2;0.48;0.11;0.00;0.00;1400000.0
Andrï¿½ Silva;ptï¿½POR;FW;Elche;29;1995;31;22;1,849;20.5;10;0;10;7;3;3;3;0;0.34;2.78;1.41;50.9;2.77;1.41;0.18;0.34;
Giuliano Simeone;arï¿½ARG;MF,FW;Atlï¿½tico Madrid;22;2002;31;25;2,099;23.3;4;6;10;4;0;0;2;0;0.43;1.55;0.60;38.9;1.54;0.60;0.11;0.29;40000000.0
Unai Simï¿½n;esï¿½ESP;GK;Athletic Club;28;1997;37;37;3,33;37.0;0;0;0;0;0;0;1;0;0.00;0.00;0.00;;0.00;0.00;;;
Antonio Sivera;esï¿½ESP;GK;Alavï¿½s;28;1996;38;38;3,42;38.0;0;0;0;0;0;0;3;0;0.00;0.00;0.00;;0.00;0.00;;;6000000.0
Alex Sola;esï¿½ESP;DF,FW;Getafe;26;1999;1;0;13;0.1;0;0;0;0;0;0;0;0;0.00;0.00;0.00;;0.00;0.00;;;300000.0
Carlos Soler;esï¿½ESP;MF;Real Sociedad;28;1997;33;26;2,317;25.7;4;3;7;4;0;0;3;1;0.27;1.36;0.74;54.3;1.36;0.74;0.11;0.21;7000000.0
Jhon Solis;coï¿½COL;MF;Girona;20;2004;12;3;380;4.2;0;0;0;0;0;0;0;0;0.00;0.71;0.48;66.7;0.71;0.47;0.00;0.00;50000.0
Jhon Solis;coï¿½COL;MF;Girona;20;2004;12;3;380;4.2;0;0;0;0;0;0;0;0;0.00;0.71;0.48;66.7;0.71;0.47;0.00;0.00;2500000.0
Manor Solomon;ilï¿½ISR;MF;Villarreal;26;1999;6;1;150;1.7;1;1;2;1;0;0;0;0;1.20;1.18;0.59;50.0;1.20;0.60;0.50;1.00;8000000.0
Hugo Solozabal;esï¿½ESP;MF;Getafe;22;2003;1;0;11;0.1;0;0;0;0;0;0;0;0;0.00;0.00;0.00;;0.00;0.00;;;50000.0
David Soria;esï¿½ESP;GK;Getafe;32;1993;38;38;3,42;38.0;0;0;0;0;0;0;2;0;0.00;0.00;0.00;;0.00;0.00;;;2800000.0
Alexander Sï¿½rloth;noï¿½NOR;FW;Atlï¿½tico Madrid;29;1995;35;20;1,98;22.0;13;0;13;13;0;0;4;1;0.59;0.13;0.07;50.0;0.13;0.07;0.00;0.00;18000000.0
Hugo Sotelo;esï¿½ESP;MF;Celta Vigo;21;2003;20;16;1,338;14.9;0;2;2;0;0;0;3;0;0.13;0.78;0.33;42.1;0.78;0.33;0.26;0.63;5000000.0
Djibril Sow;chï¿½SUI;MF;Sevilla;28;1997;33;27;2,187;24.3;5;4;9;5;0;0;6;0;0.37;0.24;0.06;25.0;0.24;0.06;0.00;0.00;7500000.0
Carl Starfelt;seï¿½SWE;DF;Celta Vigo;30;1995;19;17;1,491;16.6;0;0;0;0;0;0;3;1;0.00;2.90;2.04;70.4;2.91;2.05;0.33;0.47;4500000.0
Orri Steinn ï¿½skarsson;isï¿½ISL;FW;Real Sociedad;20;2004;20;8;835;9.3;9;0;9;9;0;0;5;0;0.97;4.13;2.61;63.2;4.15;2.62;0.26;0.42;
Cristhian Stuani;uyï¿½URU;FW;Girona;38;1986;21;1;412;4.6;5;0;5;2;3;4;4;0;0.44;0.58;0.26;44.4;0.58;0.26;0.11;0.25;700000.0
Denis Suï¿½rez;esï¿½ESP;MF;Alavï¿½s;31;1994;30;15;1,406;15.6;1;2;3;1;0;0;6;0;0.19;0.21;0.09;40.0;0.21;0.09;0.00;0.00;
Gabriel Suazo;clï¿½CHI;DF,MF;Sevilla;27;1997;29;25;2,096;23.3;0;2;2;0;0;0;7;0;0.09;2.02;0.61;30.4;2.03;0.62;0.13;0.43;6000000.0
Luka Su?i?;hrï¿½CRO;MF,FW;Real Sociedad;22;2002;22;10;1,022;11.4;3;1;4;3;0;0;1;0;0.35;1.63;0.85;52.2;1.63;0.85;0.22;0.42;
Williot Swedberg;seï¿½SWE;FW,MF;Celta Vigo;21;2004;29;13;1,27;14.1;5;5;10;5;0;0;2;0;0.71;0.00;0.00;;0.00;0.00;;;20000000.0
Wojciech Szcz?sny;plï¿½POL;GK;Barcelona;35;1990;8;8;720;8.0;0;0;0;0;0;0;0;0;0.00;3.09;1.59;51.5;3.09;1.59;0.19;0.37;800000.0
Cï¿½sar Tï¿½rrega;esï¿½ESP;DF;Valencia;23;2002;32;29;2,598;28.9;0;0;0;0;0;0;7;0;0.00;0.38;0.03;9.1;0.38;0.03;0.00;0.00;
Aurï¿½lien Tchouamï¿½ni;frï¿½FRA;MF;Real Madrid;25;2000;33;31;2,615;29.1;1;0;1;1;0;0;8;0;0.03;1.55;0.24;15.6;1.55;0.24;0.02;0.14;
Nahuel Tenaglia;arï¿½ARG;DF;Alavï¿½s;29;1996;36;36;3,239;36.0;2;0;2;2;0;0;3;0;0.06;0.67;0.22;33.3;0.67;0.22;0.08;0.25;3000000.0
Arnau Tenas;esï¿½ESP;GK;Villarreal;24;2001;10;10;900;10.0;0;0;0;0;0;0;0;0;0.00;0.00;0.00;;0.00;0.00;;;4000000.0
Marc-Andrï¿½ ter Stegen;deï¿½GER;GK;Girona;33;1992;2;2;180;2.0;0;0;0;0;0;0;0;0;0.00;0.00;0.00;;0.00;0.00;;;3000000.0
Ramï¿½n Terrats;esï¿½ESP;MF;Espanyol;24;2000;29;12;1,03;11.4;1;2;3;1;0;0;0;0;0.26;1.32;0.26;20.0;1.31;0.26;0.07;0.33;3000000.0
Jeremy Toljan;deï¿½GER;DF;Levante;30;1994;37;37;3,164;35.2;1;4;5;1;0;0;8;0;0.14;0.26;0.03;11.1;0.26;0.03;0.11;1.00;2000000.0
Pablo Torre;esï¿½ESP;MF,FW;Mallorca;22;2003;35;19;1,599;17.8;4;4;8;4;0;0;4;0;0.45;1.40;0.67;48.0;1.41;0.68;0.16;0.33;5000000.0
Jofre Torrents;esï¿½ESP;DF;Barcelona;18;2007;3;0;50;0.6;0;0;0;0;0;0;0;0;0.00;0.00;0.00;;0.00;0.00;;;
Ferran Torres;esï¿½ESP;FW;Barcelona;25;2000;33;23;1,965;21.8;16;2;18;16;0;0;2;0;0.82;3.17;1.70;53.6;3.16;1.69;0.23;0.43;50000000.0
Lucas Torrï¿½;esï¿½ESP;MF;Osasuna;31;1994;34;31;2,293;25.5;0;1;1;0;0;0;6;0;0.04;1.14;0.35;31.0;1.14;0.35;0.00;0.00;
ï¿½scar Trejo;arï¿½ARG;MF;Rayo Vallecano;37;1988;7;1;144;1.6;0;1;1;0;0;0;2;0;0.62;0.63;0.63;100.0;0.62;0.62;0.00;0.00;
Viktor Tsyhankov;uaï¿½UKR;MF,FW;Girona;27;1997;32;31;2,63;29.2;6;5;11;6;0;0;3;0;0.38;1.75;0.72;41.2;1.75;0.72;0.12;0.29;15000000.0
Kareem Tunde;esï¿½ESP;MF;Levante;19;2005;21;17;1,133;12.6;0;1;1;0;0;0;3;0;0.08;1.67;0.24;14.3;1.67;0.24;0.00;0.00;2000000.0
Beï¿½at Turrientes;esï¿½ESP;MF;Real Sociedad;23;2002;27;16;1,348;15.0;0;3;3;0;0;0;7;0;0.20;1.33;0.40;30.0;1.34;0.40;0.00;0.00;10000000.0
Christantus Uche;ngï¿½NGA;FW;Getafe;22;2003;3;3;270;3.0;1;1;2;1;0;0;1;0;0.67;2.00;0.33;16.7;2.00;0.33;0.17;1.00;12000000.0
Filip Ugrinic;chï¿½SUI;MF;Valencia;26;1999;27;17;1,504;16.7;0;3;3;0;0;0;3;0;0.18;1.20;0.18;15.0;1.20;0.18;0.00;0.00;6000000.0
Victor Valdepeï¿½as;esï¿½ESP;DF;Real Madrid;18;2006;1;1;77;0.9;0;0;0;0;0;0;0;0;0.00;0.00;0.00;;0.00;0.00;;;
ï¿½scar Valentï¿½n;esï¿½ESP;MF;Rayo Vallecano;30;1994;33;26;2,108;23.4;1;0;1;1;0;0;3;1;0.04;0.56;0.17;30.8;0.56;0.17;0.08;0.25;
Germï¿½n Valera;esï¿½ESP;MF,DF;Elche;23;2002;36;33;2,857;31.7;4;5;9;4;0;0;5;1;0.28;0.88;0.25;28.6;0.88;0.25;0.14;0.50;6000000.0
Martin Valjent;skï¿½SVK;DF;Mallorca;29;1995;37;37;3,308;36.8;0;0;0;0;0;0;6;0;0.00;0.46;0.22;47.1;0.46;0.22;0.00;0.00;3000000.0
ï¿½lvaro Vallï¿½s;esï¿½ESP;GK;Real Betis;28;1997;28;28;2,52;28.0;0;0;0;0;0;0;1;0;0.00;0.00;0.00;;0.00;0.00;;;
Federico Valverde;uyï¿½URU;MF,DF;Real Madrid;27;1998;33;31;2,74;30.4;5;8;13;5;0;0;3;1;0.43;1.68;0.72;43.1;1.68;0.72;0.10;0.23;90000000.0
Vladyslav Vanat;uaï¿½UKR;FW;Girona;23;2002;27;27;1,942;21.6;9;1;10;6;3;3;4;0;0.32;1.25;0.83;66.7;1.25;0.83;0.33;0.50;15000000.0
Obed Vargas;mxï¿½MEX;MF;Atlï¿½tico Madrid;19;2005;12;8;740;8.2;0;1;1;0;0;0;2;0;0.12;0.61;0.00;0.0;0.61;0.00;0.00;;10000000.0
Ruben Vargas;chï¿½SUI;MF,FW;Sevilla;26;1998;24;20;1,594;17.7;3;6;9;2;1;1;2;0;0.45;2.32;0.45;19.5;2.31;0.45;0.07;0.38;12000000.0
Josï¿½ Luis Garcï¿½a Vayï¿½;esï¿½ESP;MF,DF;Valencia;26;1998;31;26;2,225;24.7;2;0;2;1;1;3;4;0;0.04;0.97;0.12;12.5;0.97;0.12;0.08;0.67;
Jesus Vazquez;esï¿½ESP;DF,MF;Valencia;22;2003;24;7;974;10.8;0;0;0;0;0;0;2;0;0.00;0.74;0.19;25.0;0.74;0.18;0.00;0.00;
Luis Vï¿½zquez;arï¿½ARG;FW;Getafe;24;2001;17;14;1,194;13.3;3;1;4;3;0;0;2;0;0.30;1.88;0.68;36.0;1.88;0.68;0.12;0.33;
Matï¿½as Vecino;uyï¿½URU;MF;Celta Vigo;33;1991;6;2;135;1.5;0;0;0;0;0;0;0;0;0.00;1.33;0.00;0.0;1.33;0.00;0.00;;1000000.0
Renato Veiga;ptï¿½POR;DF;Villarreal;22;2003;32;27;2,481;27.6;0;0;0;0;0;0;5;1;0.00;0.33;0.11;33.3;0.33;0.11;0.00;0.00;25000000.0
Unai Vencedor Paris;esï¿½ESP;MF;Levante;24;2000;16;11;812;9.0;0;0;0;0;0;0;3;1;0.00;0.00;0.00;;0.00;0.00;;;
Jozhua Vertrouwd;nlï¿½NED;DF;Rayo Vallecano;20;2004;9;3;446;5.0;0;0;0;0;0;0;0;0;0.00;0.20;0.00;0.0;0.20;0.00;0.00;;2000000.0
Mikel Vesga;esï¿½ESP;MF;Athletic Club;32;1993;23;1;465;5.2;0;0;0;0;0;0;0;0;0.00;0.58;0.00;0.0;0.58;0.00;0.00;;1200000.0
Carlos Vicente;esï¿½ESP;MF;Alavï¿½s;26;1999;21;11;1,258;14.0;5;0;5;2;3;3;1;0;0.14;0.86;0.43;50.0;0.86;0.43;0.42;0.83;4000000.0
Nacho Vidal;esï¿½ESP;DF;Oviedo;30;1995;29;27;2,263;25.1;0;0;0;0;0;0;4;0;0.00;0.60;0.12;20.0;0.60;0.12;0.00;0.00;1200000.0
Gonzalo Villar;esï¿½ESP;MF;Elche;27;1998;12;8;718;8.0;1;0;1;1;0;0;3;0;0.13;0.50;0.13;25.0;0.50;0.13;0.25;1.00;1800000.0
Federico Viï¿½as;uyï¿½URU;FW,MF;Oviedo;27;1998;33;28;2,439;27.1;9;1;10;7;2;2;7;3;0.30;2.10;0.77;36.8;2.10;0.77;0.16;0.43;4000000.0
Jan Virgili;esï¿½ESP;MF,FW;Mallorca;19;2006;31;19;1,792;19.9;2;4;6;2;0;0;0;1;0.30;1.61;0.80;50.0;1.61;0.80;0.06;0.13;15000000.0
Daniel Vivian;esï¿½ESP;DF;Athletic Club;26;1999;31;28;2,564;28.5;1;0;1;1;0;0;8;1;0.04;0.60;0.21;35.3;0.60;0.21;0.06;0.17;20000000.0
Odysseas Vlachodimos;grï¿½GRE;GK;Sevilla;31;1994;33;33;2,97;33.0;0;0;0;0;0;0;1;0;0.00;0.00;0.00;;0.00;0.00;;;3000000.0
Wesley;brï¿½BRA;MF;Real Sociedad;20;2005;5;1;88;1.0;0;0;0;0;0;0;0;0;0.00;1.00;0.00;0.0;1.02;0.00;0.00;;40000000.0
Wesley;brï¿½BRA;MF;Real Sociedad;20;2005;5;1;88;1.0;0;0;0;0;0;0;0;0;0.00;1.00;0.00;0.0;1.02;0.00;0.00;;4000000.0
Iï¿½aki Williams;ghï¿½GHA;MF,FW;Athletic Club;31;1994;30;25;2,157;24.0;3;6;9;2;1;1;2;0;0.33;2.38;0.83;35.1;2.38;0.83;0.05;0.15;8000000.0
Nico Williams;esï¿½ESP;MF;Athletic Club;23;2002;25;20;1,674;18.6;6;3;9;5;1;2;2;0;0.43;2.47;0.86;34.8;2.47;0.86;0.13;0.38;40000000.0
Axel Witsel;beï¿½BEL;MF;Girona;36;1989;32;30;2,526;28.1;1;2;3;1;0;0;2;1;0.11;0.71;0.18;25.0;0.71;0.18;0.05;0.20;1200000.0
Lamine Yamal;esï¿½ESP;MF,FW;Barcelona;18;2007;28;26;2,262;25.1;16;11;27;13;3;4;1;0;0.95;4.66;1.47;31.6;4.66;1.47;0.14;0.43;200000000.0
Daniel Yï¿½ï¿½ez;esï¿½ESP;MF;Real Madrid;18;2007;2;0;47;0.5;0;1;1;0;0;0;0;0;1.91;0.00;0.00;;0.00;0.00;;;
Arsen Zakharyan;ruï¿½RUS;MF;Real Sociedad;22;2003;17;3;458;5.1;0;0;0;0;0;0;2;0;0.00;2.75;0.59;21.4;2.75;0.59;0.00;0.00;9000000.0
Bryan Zaragoza;esï¿½ESP;FW,MF;Celta Vigo;23;2001;19;13;1,131;12.6;1;1;2;0;1;1;1;0;0.08;2.06;0.95;46.2;2.07;0.95;0.04;0.08;8000000.0
Igor Zubeldia;esï¿½ESP;DF;Real Sociedad;28;1997;25;23;2,082;23.1;0;1;1;0;0;0;9;0;0.04;0.26;0.04;16.7;0.26;0.04;0.00;0.00;6000000.0
